case,dataset,system,cpu_change,mem_change,diskio_change,socket_change,workload_change,error_change,latency50_change,latency90_change,fault,split
re1ss_user_disk_3,RE1-SS,Sock Shop,0.7646033146671867,0.07801305348177313,,,-0.03881535641782043,0.0,0.2596992189094829,0.797057896763722,disk,train
re2ob_currencyservice_disk_1,RE2-OB,Online Boutique,-0.16572817569931345,0.5201000690680507,-0.07178484711154699,0.34155251141548765,-0.1596377318716687,-0.9999999996417911,0.6824170630531936,0.7772963438761407,disk,train
re1ss_user_loss_5,RE1-SS,Sock Shop,-0.15926396032289933,0.01950088309543288,,,-0.02594279490195761,0.0,0.6168413872305484,0.9494670295194564,loss,train
re1ob_productcatalogservice_cpu_2,RE1-OB,Online Boutique,0.8143284643671319,0.1815143166352973,,,0.03069902240170811,-0.00023803856218459986,,,cpu,train
re2ss_orders_socket_3,RE2-SS,Sock Shop,0.9558875394547657,0.023046952264370785,-1.0,0.3013636435481743,0.003713249179096886,0.0,0.6765331050886464,0.7827269377973206,socket,train
re2ob_recommendationservice_delay_2,RE2-OB,Online Boutique,-0.06692453535270383,0.009468602741733133,0.9999999999999999,0.04218362282878332,-0.07330130921647271,0.0,0.9396223078564115,0.9572699150854226,delay,train
re1ob_currencyservice_delay_4,RE1-OB,Online Boutique,-0.10374977299602635,0.02320949527503403,,,-0.08889066837916337,0.9999999998194999,0.959113495274802,0.9387844081075469,delay,train
re2tt_ts-auth-service_loss_2,RE2-TT,Train Ticket,-0.48689333398925994,0.019433587645578447,-0.07214303696193018,-0.1075005740437142,-0.23447063420909345,0.0,-0.11557935972657933,-0.19262988175821646,loss,train
re2ss_orders_loss_2,RE2-SS,Sock Shop,0.19299723874087307,0.026324750764638857,-1.0,0.2117950501742366,-0.33660173547624855,,0.8769068073156778,0.9641513588305642,loss,train
re1ss_user_loss_4,RE1-SS,Sock Shop,-0.31971935234019777,0.09274251213567453,,,-0.08840339498877323,0.9999999999995477,0.1567314672745902,0.9489221554048107,loss,train
re1ss_catalogue_disk_5,RE1-SS,Sock Shop,0.955832148902351,0.16142926295349663,,,0.035242512783393756,-0.9999999999395162,0.14116514392587087,0.6688379473561539,disk,train
re2ob_recommendationservice_mem_1,RE2-OB,Online Boutique,0.7563309637252401,0.731362907860907,-0.15019991750486864,0.06378507774167341,-0.02857548592931247,0.0,0.8167612946369642,0.9836071218969499,mem,train
re1ss_payment_cpu_1,RE1-SS,Sock Shop,0.8674744214848127,0.24478468089289093,,,-0.022338225835539054,0.0,0.3321516868958171,0.8222458406369424,cpu,train
re1tt_ts-travel-service_loss_3,RE1-TT,Train Ticket,-0.3956126251131027,0.029446217741756937,,,-0.3019871982593008,0.9999999999973853,0.7957323529105816,0.8723149952583217,loss,train
re1tt_ts-auth-service_mem_2,RE1-TT,Train Ticket,-0.5393553581394569,0.3880831936190101,,,-0.07783102320946735,0.0,0.601589795800308,0.6070161020604864,mem,train
re2ob_emailservice_socket_3,RE2-OB,Online Boutique,0.901470414420516,0.0969090942573289,-0.10564445667545998,0.5066712281901739,-0.011083435709691477,0.0,0.6983654163516635,0.7482399511936458,socket,train
re1ss_catalogue_loss_3,RE1-SS,Sock Shop,0.2865194027069808,0.05265818615918888,,,0.011395901573393034,0.0,0.12489104927726528,0.9551065844413137,loss,train
re2ob_productcatalogservice_cpu_1,RE2-OB,Online Boutique,0.7522115852541467,0.18575988493931858,0.18927887188029285,0.19911135795610335,0.05604227799817046,-0.9999999999901376,0.5965439378624121,0.8203720278548181,cpu,train
re2tt_ts-auth-service_delay_1,RE2-TT,Train Ticket,-0.5038076079023288,-0.023678395063146437,0.0558261306925876,0.1585949352316356,-0.149366704804893,0.999999999640399,0.6079272308689244,0.5713992425594064,delay,train
re1tt_ts-route-service_disk_2,RE1-TT,Train Ticket,0.6950449315518892,0.011697281111931369,,,-0.21797250587662717,0.0,0.15261996413890305,0.27356688452798356,disk,train
re2ss_orders_disk_2,RE2-SS,Sock Shop,0.488844298898047,0.16332525703936832,-0.9999999999999998,0.12160558174248409,0.1721337550563612,,-0.09834276745748555,-0.15746491030350854,disk,train
re1ss_user_loss_3,RE1-SS,Sock Shop,-0.19924216239225867,0.0384325379322792,,,-0.029783198627360518,0.0,0.7485678107802681,0.8988879608788884,loss,train
re1tt_ts-travel-service_delay_2,RE1-TT,Train Ticket,-0.33798851230233196,0.01264617170687149,,,-0.16324344059795814,0.0,-0.09296219482442122,0.0898358909692066,delay,train
re2ss_catalogue_mem_3,RE2-SS,Sock Shop,0.9721698721421321,0.9657946864939678,-0.9999999999999999,0.17316513761467095,0.0028047398154536804,0.0,0.15330091792765452,0.9368789514913893,mem,train
re1ss_orders_disk_3,RE1-SS,Sock Shop,0.9022532418467966,0.024911099034748405,,,-0.013309003285339611,0.0,0.2141846958331881,0.265119914850034,disk,train
re2tt_ts-travel-service_mem_2,RE2-TT,Train Ticket,0.8654798624691964,0.5012591661765781,0.9730387452952649,0.1022924528120758,0.1630864254336626,0.9999999998798733,0.5762430703626936,0.8458308481753039,mem,train
re1ss_orders_disk_2,RE1-SS,Sock Shop,0.851307919888153,0.03164011169506343,,,-0.014159710594586549,0.0,0.14201280498997046,0.24882038663555406,disk,train
re1tt_ts-auth-service_disk_2,RE1-TT,Train Ticket,0.611495627817993,0.012378754988316112,,,-0.254164625439624,0.0,0.2491647489793623,-0.38521333821521697,disk,train
re1tt_ts-travel-service_disk_2,RE1-TT,Train Ticket,0.5459057375192203,-0.008123757263650774,,,-0.10149289211350347,0.0,0.23986112708659724,0.3544441795653176,disk,train
re2ss_orders_mem_3,RE2-SS,Sock Shop,0.8786601912316805,0.42162424753817207,0.047211694155427024,0.16163266630842635,0.0024191203159827338,,0.28013609973312736,0.730867319576382,mem,train
re2ob_checkoutservice_socket_3,RE2-OB,Online Boutique,0.8867703933588503,0.24868643422770972,-0.027380570972567964,0.42114183764494634,-0.009515730274778802,-0.9999999992835821,0.27795619993815773,0.263092380310054,socket,train
re1tt_ts-auth-service_cpu_3,RE1-TT,Train Ticket,-0.45666400753232983,0.06881771223708974,,,-0.16453586608740745,0.0,0.4109576628556185,0.3651924028593116,cpu,train
re1ob_adservice_mem_4,RE1-OB,Online Boutique,0.9425019419463946,0.8264528661092894,,,-0.07014711623281097,0.9999999998249166,,,mem,train
re2ss_payment_loss_3,RE2-SS,Sock Shop,-0.29433089295811066,0.12988024784793317,-0.9999999999999999,0.1054590570719509,-0.2661874462296776,0.999999999998847,0.11839079003429136,0.9536209647076116,loss,train
re1ob_adservice_mem_1,RE1-OB,Online Boutique,0.942388037678528,0.8238693490943934,,,-0.09414607315470855,-0.9503342419177646,,,mem,train
re1ob_checkoutservice_disk_3,RE1-OB,Online Boutique,0.8998038639884136,0.11570065652060886,,,-0.04303699985035297,0.0,0.22693357942253164,0.27273237055138133,disk,train
re1ss_catalogue_cpu_4,RE1-SS,Sock Shop,0.9629677267642998,0.19753632903213902,,,-0.02001931862490631,0.0,0.06588968321036566,0.6786695998213728,cpu,train
re2ob_currencyservice_delay_3,RE2-OB,Online Boutique,-0.07784345695647994,0.08141133277779217,0.24469368329571436,0.0027662517289068697,-0.09032701656511868,0.0,0.9335082161749859,0.9526370756888825,delay,train
re1ss_catalogue_disk_2,RE1-SS,Sock Shop,0.9518981585258229,0.09975260698754938,,,-0.009694540116408974,0.0,0.18607680395476306,0.7823940963898187,disk,train
re1tt_ts-route-service_loss_5,RE1-TT,Train Ticket,-0.5169380576316079,0.03104312926354156,,,-0.09904893616875508,-0.999999999915,0.8411504445968887,0.9302117392487939,loss,train
re1ob_cartservice_loss_2,RE1-OB,Online Boutique,-0.07891994323132194,0.0168918760945927,,,-0.03494830319842829,-0.2013311148013963,0.15201859039781007,0.8033473185577908,loss,train
re2ob_checkoutservice_disk_1,RE2-OB,Online Boutique,0.9552336208765267,0.8525107905142777,0.20916189462377843,0.14115544967241728,-0.020392735798271847,0.0,0.13310268494763175,0.033265907732839155,disk,train
re2ob_productcatalogservice_mem_3,RE2-OB,Online Boutique,0.659804207657699,0.8235202299351121,0.008318574496685667,0.2696885287414289,-0.1550318954492617,0.9999999999345259,0.9265261426100462,0.9836871248576374,mem,train
re1ss_orders_cpu_5,RE1-SS,Sock Shop,0.8756551544834759,0.05324427307711092,,,0.01689884724713237,0.0,0.23010571543767128,0.5490052565428898,cpu,train
re1ob_productcatalogservice_cpu_1,RE1-OB,Online Boutique,0.8142557508715135,0.1938613238194183,,,-0.008462323676383275,0.9999999998249166,,,cpu,train
re2ob_emailservice_loss_1,RE2-OB,Online Boutique,0.14610527543093238,0.32748212347606254,0.15865896088489562,0.378537566441564,-0.31941695123090436,0.0,0.8303512217350439,0.9882023030992372,loss,train
re1ss_carts_loss_4,RE1-SS,Sock Shop,-0.2671440089987175,0.06535884568519977,,,-0.021527661953918188,0.0,0.34804559337161356,0.8777697237109393,loss,train
re2tt_ts-route-service_delay_3,RE2-TT,Train Ticket,-0.3859793736260868,0.013320973731698885,-0.10048742266224868,0.3020873991038309,-0.2616754780749767,0.0,0.9729844558478249,0.9764041112551644,delay,train
re1ob_cartservice_cpu_2,RE1-OB,Online Boutique,0.8764689791154227,0.0356626348488607,,,-0.07533244114110378,0.19977147207957027,,,cpu,train
re1tt_ts-train-service_mem_4,RE1-TT,Train Ticket,0.841263185434115,0.6501712889251378,,,-0.1382558645413817,0.0,0.6999756843222378,0.6377641585614884,mem,train
re1ss_payment_delay_3,RE1-SS,Sock Shop,0.22398110461453694,0.052012570087023945,,,-0.009270315334843683,0.0,0.7956969869986231,0.9455016555372723,delay,train
re2ss_orders_cpu_2,RE2-SS,Sock Shop,0.9632736982132503,0.029648534813925192,0.18250463079661391,-0.1013479780329415,0.00624372374438927,0.0,0.08185292770112573,0.27095273205816983,cpu,train
re2ss_carts_socket_1,RE2-SS,Sock Shop,0.7515018545174625,-0.09217275159547891,0.28440524684315366,0.11810954855852068,0.007099231590488736,-0.999999999923388,0.49815985935167545,0.2802275076739502,socket,train
re2ob_checkoutservice_socket_2,RE2-OB,Online Boutique,0.7564169718446482,0.2435072482389268,-0.02294836060900738,0.415694925937585,-0.03843762579590161,0.0,0.11704763062733305,0.12378624682788461,socket,train
re1ss_carts_delay_3,RE1-SS,Sock Shop,0.2223184634835451,0.0509974835459569,,,-0.29630800209761926,0.0,0.982012571433805,0.9588905945895994,delay,train
re1tt_ts-route-service_mem_2,RE1-TT,Train Ticket,0.814776791204549,0.39023769557712523,,,-0.1449410191417489,0.0,0.7263176905979951,0.8760248079487819,mem,train
re1tt_ts-order-service_delay_4,RE1-TT,Train Ticket,0.19859290518614153,0.009873967203052796,,,0.13040291087241335,0.0,0.8996535315537608,0.9063164351557491,delay,train
re1ob_checkoutservice_cpu_3,RE1-OB,Online Boutique,0.9746563247822596,0.1492209182540974,,,-0.012498777094232501,-0.99999999895,,,cpu,train
re2ss_catalogue_mem_2,RE2-SS,Sock Shop,0.975081839105673,0.9692974607685836,-0.9999999999999999,0.3133333333333154,-0.018915484612405768,0.0,0.17472227839194426,0.9650471582600292,mem,train
re2tt_ts-train-service_mem_3,RE2-TT,Train Ticket,0.837249194607749,0.5411163557661174,0.966617962963629,0.13123021597458723,0.07197011317400052,0.0,0.5167419305724552,0.8301037686834258,mem,train
re1tt_ts-train-service_delay_3,RE1-TT,Train Ticket,-0.4462149780163301,0.013438159198916621,,,-0.22598158798863552,0.9999999997594999,0.9596612726431475,0.950060156656506,delay,train
re1tt_ts-train-service_cpu_2,RE1-TT,Train Ticket,0.8960320403737078,0.015004893524945672,,,-0.12826789678120062,0.0,0.18312256715657746,0.6800330145453749,cpu,train
re1tt_ts-auth-service_delay_2,RE1-TT,Train Ticket,0.4490822275437966,0.0269919063873088,,,0.09865839765083058,0.0,0.57649682634793,0.3738414257255663,delay,train
re1ss_payment_mem_4,RE1-SS,Sock Shop,0.869582704421213,0.9327069948069019,,,0.03050934656807487,0.0,0.994830934688817,0.9968716424389222,mem,train
re1ss_user_mem_4,RE1-SS,Sock Shop,0.7067976859188967,0.9104734771065689,,,-0.08658462660862262,0.999999999998281,0.938790133831366,0.969347815528452,mem,train
re1tt_ts-travel-service_cpu_2,RE1-TT,Train Ticket,0.7836827622654226,0.017701960184557778,,,0.10992516709662176,0.0,0.5093390683553166,0.40011399952724297,cpu,train
re1ob_productcatalogservice_cpu_4,RE1-OB,Online Boutique,0.7889760215283946,0.18846081111265303,,,-0.08656755085335797,0.9999999999985478,,,cpu,train
re2tt_ts-travel-service_cpu_3,RE2-TT,Train Ticket,0.8567059254345167,0.017782132784575837,-0.14226945960553997,0.11334892969606894,-0.2616005790731947,0.0,0.610022267542794,0.5347329237208303,cpu,train
re1ob_cartservice_delay_3,RE1-OB,Online Boutique,-0.04264090386904788,-0.025569404692317575,,,-0.10635094881073982,-0.9999999999951351,0.9849572349604468,0.9473055793855818,delay,train
re1ss_catalogue_delay_5,RE1-SS,Sock Shop,-0.3224919278640626,0.09808586766764871,,,-0.01569263294210894,0.0,0.9616575806736596,0.9682856963827136,delay,train
re1ss_user_cpu_1,RE1-SS,Sock Shop,0.767566758740871,0.20571952788737724,,,-0.01350975986268116,0.0,0.22680335442457106,0.884438333295254,cpu,train
re1ob_productcatalogservice_loss_3,RE1-OB,Online Boutique,-0.09353944007802549,0.009504578317083342,,,0.049462339796312975,0.9999999998194999,0.49640777373478956,0.792911286013268,loss,train
re2ob_recommendationservice_socket_2,RE2-OB,Online Boutique,0.3172289591000046,0.0865526705059535,0.9999999999999999,0.42354587247648356,-0.036551426314737706,0.9999999996385965,0.4052991588384189,0.6884731620453164,socket,train
re1ss_user_cpu_3,RE1-SS,Sock Shop,0.7016720562818971,0.12553068750707075,,,-0.018131155914689324,0.0,0.8277239414990992,0.8334559672879863,cpu,train
re2ss_payment_mem_3,RE2-SS,Sock Shop,0.9942889477651786,0.9783990426973395,-0.9999999999999999,0.1728263541751926,-0.008960275058069019,0.9999999996407574,0.16687919876449625,0.912506876348662,mem,train
re1ob_cartservice_disk_1,RE1-OB,Online Boutique,0.5550040776729815,-0.1566326492000727,,,-0.042163952994697246,0.0,0.6089549418145469,0.7886001914251608,disk,train
re2ob_productcatalogservice_disk_2,RE2-OB,Online Boutique,0.6556170760377743,0.8440338479072148,0.4990419184911793,0.27051979258882064,-0.0568535174443851,0.9999999996385965,0.7810528882457275,0.8998835243811113,disk,train
re2ob_currencyservice_loss_2,RE2-OB,Online Boutique,0.27871468675967004,0.04897421154520085,-0.1719249661431413,0.30339864614215617,-0.2500035429689909,0.999999999972264,0.8757390644019215,0.9805992719058568,loss,train
re2ob_currencyservice_disk_3,RE2-OB,Online Boutique,0.1766608722482613,0.6959195319163174,1.0,0.26746253492504535,-0.032569551451505224,0.9999999996385965,0.8728414214504151,0.5358693387411289,disk,train
re1ss_carts_cpu_2,RE1-SS,Sock Shop,0.7305185620639846,0.06620360973318547,,,-0.009575216902307837,0.0,0.4242422023510239,0.5593638506614075,cpu,train
re2ob_productcatalogservice_loss_1,RE2-OB,Online Boutique,-0.5091477118182528,0.4490428502955035,0.23735677386098536,0.650169820475469,-0.652445982418329,0.9999999999519334,0.9894824668549348,0.9976366805882942,loss,train
re1ob_adservice_disk_4,RE1-OB,Online Boutique,0.8605017927532241,-0.04128532598443521,,,-0.023866655916047138,0.0,0.07026170430335034,0.5146238580976853,disk,train
re2tt_ts-train-service_socket_1,RE2-TT,Train Ticket,0.8384707720383052,0.013608404859328379,-0.8918637620859649,0.301689642157028,-0.17138534552533982,0.0,0.7707884740777049,0.813336032114977,socket,train
re1ob_checkoutservice_loss_5,RE1-OB,Online Boutique,-0.024214353223109473,0.018578022397942144,,,-0.03831572389356908,0.9999999998194999,0.2601596334974684,0.16666442805812973,loss,train
re2tt_ts-order-service_delay_1,RE2-TT,Train Ticket,0.48490417893816984,-0.008068074817451056,-0.09681742971927011,0.2871385021009964,-0.2806751826645562,0.9999999996393196,0.9546169233540766,0.9230926246272904,delay,train
re2tt_ts-route-service_delay_2,RE2-TT,Train Ticket,-0.3647670580019711,0.013756299944858337,-0.10373248526025979,0.29760519701023763,-0.24077576993991714,0.0,0.9731903703121327,0.977291800482186,delay,train
re1tt_ts-train-service_mem_5,RE1-TT,Train Ticket,0.8300373259196212,0.6496885877373949,,,-0.2089543749080528,0.0,0.7381935125130369,0.6728466671490242,mem,train
re1ob_adservice_disk_3,RE1-OB,Online Boutique,0.8584030067885492,0.019435774797128668,,,0.04454018869237645,0.0,0.08410900843161702,0.49909504061459176,disk,train
re1tt_ts-order-service_loss_2,RE1-TT,Train Ticket,-0.5283107926958811,0.020689507042518956,,,-0.13103873561534046,0.9999999999105282,0.672270624305467,0.942467273258663,loss,train
re1ob_productcatalogservice_mem_1,RE1-OB,Online Boutique,0.7826900100079,0.9592921909196652,,,-0.13779107043250274,-0.3335449063400075,,,mem,train
re2ob_currencyservice_disk_2,RE2-OB,Online Boutique,0.1857576445575367,0.7083770817951854,1.0,0.26823293074301197,-0.04556620794038691,0.9999999996385965,0.8689851465137527,0.5105116644609287,disk,train
re1ss_orders_disk_5,RE1-SS,Sock Shop,0.8846572572904492,0.022298734980245746,,,0.0317034112183885,0.0,0.09876513230169391,0.24793558074169608,disk,train
re1ss_orders_cpu_2,RE1-SS,Sock Shop,0.7753333077992669,0.0681401119273364,,,0.012899283728689844,0.0,0.3618062151491197,0.448637772525253,cpu,train
re1tt_ts-order-service_mem_5,RE1-TT,Train Ticket,0.9471397420856589,0.44444801866360606,,,-0.1328330220850592,0.0,0.7504139719062076,0.8555205174591024,mem,train
re1ss_orders_loss_4,RE1-SS,Sock Shop,-0.3837707382657643,0.06798710687612025,,,-0.02441487305760716,0.9999999999920767,0.9154701523280891,0.9625061819475211,loss,train
re2tt_ts-train-service_loss_2,RE2-TT,Train Ticket,0.6018197435189812,0.011888598545074609,-0.08810473749875182,-0.0663051515898388,-0.13514115233007987,0.9999999996385965,0.5956325442751677,0.9043193764887014,loss,train
re2ob_emailservice_mem_2,RE2-OB,Online Boutique,0.967487546822041,0.5885929600118583,0.060437553573250063,-0.05792595139503393,0.02367222748309671,0.0,0.9708006667567294,0.9945243465126178,mem,train
re1ss_user_delay_1,RE1-SS,Sock Shop,0.2525431286789984,0.10378128597055679,,,-0.07138465357738828,0.0,0.9876693470363541,0.9891789380586024,delay,train
re1tt_ts-auth-service_loss_1,RE1-TT,Train Ticket,0.4428928731577118,0.03470704016075338,,,-0.12921729680676686,0.999999999519,0.3148414166868889,0.41360041985820933,loss,train
re2tt_ts-travel-service_delay_1,RE2-TT,Train Ticket,-0.76130649909293,0.0145116922131023,-0.4770696838614949,0.3342969395960431,-0.25585296804922897,0.9999999996412935,0.9466315309824244,0.9357349050830023,delay,train
re1ob_checkoutservice_cpu_1,RE1-OB,Online Boutique,0.9745715963621265,0.15861121280900742,,,0.012636749107381213,0.0,,,cpu,train
re1tt_ts-travel-service_mem_2,RE1-TT,Train Ticket,0.8587094610744201,0.3273768326424311,,,0.07431708989934438,0.0,0.6581293186660313,0.8231701832253434,mem,train
re1ob_checkoutservice_disk_1,RE1-OB,Online Boutique,0.905379983386034,0.11731728736825849,,,-0.035352604553182246,0.0,0.191227871106963,0.18460813958998334,disk,train
re1ss_catalogue_loss_2,RE1-SS,Sock Shop,-0.308919954109208,0.0900558024162233,,,-0.01917761447089234,0.0,0.09039167115366087,0.9535498081420704,loss,train
re1ss_carts_loss_1,RE1-SS,Sock Shop,0.19107508192347786,0.05019015283748815,,,-0.018564426118089096,0.0,0.29097024181161874,0.8643796085883076,loss,train
re2tt_ts-travel-service_socket_3,RE2-TT,Train Ticket,0.817017548950135,0.020550605905794786,-0.09805571609712606,0.2971957093550293,0.18411421905300457,0.0,0.6090496830804707,0.5944849819865148,socket,train
re1ss_carts_delay_2,RE1-SS,Sock Shop,-0.29915326830116,0.0646888244638163,,,-0.30632427947980134,0.0,0.9875598789163126,0.9811039740959441,delay,train
re2tt_ts-train-service_socket_2,RE2-TT,Train Ticket,0.8396714294895951,0.02270016464258808,-0.5736222351152198,0.2964752418654578,0.1204845650357073,0.99999999981993,0.7039016094589008,0.8012830500099543,socket,train
re2tt_ts-travel-service_cpu_2,RE2-TT,Train Ticket,0.8494687214737712,0.014742679848974052,-0.08609291805659257,-0.23890063424945635,-0.13652213251644682,0.99999999981993,0.5630338474471924,0.520778162462218,cpu,train
re2ob_productcatalogservice_socket_3,RE2-OB,Online Boutique,0.2964805199495323,0.2638715191405731,0.18213550658591124,0.6186698400105484,0.032343317158494915,,0.3344364302576505,0.6358835751324646,socket,train
re1ob_currencyservice_loss_4,RE1-OB,Online Boutique,-0.07175782883033076,-0.008445625875486425,,,-0.024720209433513152,0.0,0.1954442518790029,0.48797428324851255,loss,train
re2tt_ts-travel-service_disk_2,RE2-TT,Train Ticket,0.6564475583893442,0.12922336581828184,0.9998079700675969,-0.06119515835952203,-0.9999999996401799,-0.9999999998135197,-0.21364632794480645,-0.2775838800481552,disk,train
re1ss_payment_loss_1,RE1-SS,Sock Shop,0.05716840139724888,0.029855345834636025,,,0.014726201798132868,0.0,0.046519974839435735,0.4329728848299958,loss,train
re2ss_carts_socket_2,RE2-SS,Sock Shop,0.9352330391638459,0.028711626940464773,-0.9999999999999999,0.39364118164863054,-0.008972482642250574,,0.37254453655542774,0.5114875200567282,socket,train
re2ss_catalogue_cpu_2,RE2-SS,Sock Shop,0.995481794537237,0.36722687390070663,-0.9999999999999999,0.14047287899859912,0.18843236214204673,0.0,0.09547888198329847,0.2197839408572499,cpu,train
re1ss_catalogue_loss_4,RE1-SS,Sock Shop,-0.3237529275265367,0.06872550220682465,,,-0.011690676211778375,0.0,0.09186566589235241,0.9536470477830401,loss,train
re2ss_payment_cpu_3,RE2-SS,Sock Shop,0.9941946830116853,0.36982580789292036,-0.9999999999999999,0.26089185033313833,-0.013013631427658583,0.0,0.11315963599866531,0.75167977786412,cpu,train
re1ob_productcatalogservice_disk_2,RE1-OB,Online Boutique,0.4028424077596749,0.13969452931241316,,,-0.04772115232066137,0.0,0.44239960892183094,0.814520721623114,disk,train
re1ob_currencyservice_delay_2,RE1-OB,Online Boutique,-0.0872025221690621,0.02952274823790675,,,-0.0828104497742624,0.9999999998194999,0.9898283987298893,0.9492059125910253,delay,train
re2tt_ts-travel-service_socket_2,RE2-TT,Train Ticket,0.5567249176946448,0.02337921528057138,-0.9153324709985756,0.31346137846707905,0.07510904304284284,0.0,0.5106453643706236,-0.787736531407791,socket,train
re1ob_adservice_cpu_4,RE1-OB,Online Boutique,0.944716161441017,0.025908134644522615,,,-0.06902350867978696,-0.5001785075445176,,,cpu,train
re2tt_ts-auth-service_socket_3,RE2-TT,Train Ticket,0.4660223319800389,-0.015186552642637416,-0.10324352118525677,0.35742848315668097,-0.33313790350666206,-0.9999999994344069,0.7630352201596241,0.5820930387520419,socket,train
re1tt_ts-auth-service_loss_4,RE1-TT,Train Ticket,-0.39176932335024206,-0.013914724253441979,,,-0.1786112759495084,0.0,0.30758326116169216,0.31970315342416716,loss,train
re2ob_recommendationservice_cpu_3,RE2-OB,Online Boutique,0.7409763741049838,0.060563312941754946,0.04284601439003986,0.005517241379309657,-0.06780055507351741,0.0,0.6873586628838259,0.802464413756427,cpu,train
re1ob_productcatalogservice_delay_3,RE1-OB,Online Boutique,-0.10093295662480198,0.042571351716780205,,,-0.3559032786729655,-0.9999999998199999,0.9958466201781561,0.9609240141054828,delay,train
re2ss_payment_delay_2,RE2-SS,Sock Shop,-0.22609391941302337,0.02071438008536445,-0.9999999999999999,0.07016141996894866,0.0035898751714107764,0.0,0.8961265069958996,0.9584135492537369,delay,train
re1tt_ts-travel-service_cpu_1,RE1-TT,Train Ticket,0.8532241178908923,0.01463634943325912,,,0.2596599784514119,0.0,0.5402045644018044,0.36224639340689363,cpu,train
re1ss_payment_delay_1,RE1-SS,Sock Shop,-0.3271108732056696,0.06957469035031598,,,-0.01314012430626778,0.0,0.5778769728153456,0.8986945351679998,delay,train
re1ob_productcatalogservice_delay_5,RE1-OB,Online Boutique,-0.10711160597473528,-0.05712554527302108,,,-0.3646681100743418,0.0,0.9958516708586702,0.9725258908333908,delay,train
re1ss_payment_disk_2,RE1-SS,Sock Shop,0.8416906945718549,0.11639068610070215,,,-0.023907842653629902,0.0,0.3189102762501132,0.8832296548467385,disk,train
re1ss_orders_mem_4,RE1-SS,Sock Shop,0.7749026325176244,0.4339756211981146,,,-0.0164535378028127,0.9999999999973935,0.8651248102688646,0.9335947956002638,mem,train
re2ss_payment_disk_2,RE2-SS,Sock Shop,0.9902408499041118,0.9839692996170292,1.0,0.4340935602016808,-0.010094659898968784,0.0,-0.1549786962745846,-0.07204632325195606,disk,train
re1ob_adservice_mem_5,RE1-OB,Online Boutique,0.939842363217783,0.8271455831856366,,,-0.06435528063686283,-0.99999999895,,,mem,train
re2tt_ts-route-service_mem_1,RE2-TT,Train Ticket,0.8403726001526284,0.3449053744631883,0.9426344660638668,-0.2202683878326171,0.14309815626000835,0.9999999998799733,0.7292960687665717,0.8614791367728889,mem,train
re2tt_ts-order-service_delay_2,RE2-TT,Train Ticket,-0.3985733421413772,-0.020164758618483748,-0.9356156922214298,-0.24668587896248473,-0.13018856254921726,0.0,0.9185231649262814,0.910960785582386,delay,train
re1tt_ts-auth-service_delay_4,RE1-TT,Train Ticket,0.35586694392088986,0.011590856348297741,,,0.14056028564074727,0.9999999997594999,0.5865293843774775,0.4965750406193454,delay,train
re1ob_cartservice_cpu_5,RE1-OB,Online Boutique,0.8755111668072003,0.03413195626205048,,,-0.09288625105763915,-0.00023803856218459986,,,cpu,train
re2tt_ts-route-service_cpu_3,RE2-TT,Train Ticket,0.9240197978535997,0.01560966762294447,-0.11447714025495191,-0.13200723327304653,0.12361268227324479,0.999999999640399,0.3356792447148902,0.8090434370775474,cpu,train
re2ob_checkoutservice_loss_3,RE2-OB,Online Boutique,-0.32254926515558696,0.1446188121879978,0.10343435668886257,0.17594767921772006,-0.3621882168803454,,0.9029151955193536,0.9198583538347561,loss,train
re1tt_ts-train-service_loss_3,RE1-TT,Train Ticket,0.6252384874590816,0.03346395638925742,,,-0.22789524062047195,0.0,0.8891780814688005,0.9516321802700173,loss,train
re1ss_catalogue_cpu_3,RE1-SS,Sock Shop,0.961110926140281,0.2276159499840072,,,-0.016246543896064856,0.0,0.07052031220041304,0.6882992982365636,cpu,train
re1ss_orders_mem_5,RE1-SS,Sock Shop,0.7494710252537407,0.4708547758017113,,,-0.03055176086753217,0.9999999999978514,0.870138452803665,0.9350986422346063,mem,train
re2tt_ts-route-service_mem_3,RE2-TT,Train Ticket,0.839336022546657,0.4345121260121067,0.981865132214316,0.13731315952491105,0.1511556463408011,0.0,0.590254456684908,0.8977753909726578,mem,train
re1ss_payment_disk_4,RE1-SS,Sock Shop,0.8380640500625096,-0.1292962101341865,,,0.01676587161401607,0.0,0.23328139280238389,0.8754401638485043,disk,train
re2tt_ts-order-service_disk_3,RE2-TT,Train Ticket,0.9466003620472742,0.33036927888547346,0.9999447937572492,-0.35228499460235213,0.19346792581841735,0.0,0.25997997025050057,0.6752349612343213,disk,train
re2ss_payment_disk_3,RE2-SS,Sock Shop,0.9905552953527084,0.9834556224779533,0.9999986604440892,0.2297831428266034,-0.0025458060388539308,0.0,0.0666565004207514,0.17269454734538425,disk,train
re1ss_orders_loss_2,RE1-SS,Sock Shop,-0.2110133154787558,0.035656108985555636,,,-0.024647231803235102,0.999999999998884,0.8294397525711366,0.9462347350935522,loss,train
re1ss_user_loss_1,RE1-SS,Sock Shop,-0.13146308455142075,-0.07834417784791177,,,-0.02074153266309906,0.0,0.5006443331810603,0.9499129801799218,loss,train
re1ss_carts_delay_1,RE1-SS,Sock Shop,0.2173150690483469,0.056960095535333176,,,-0.27025794556965516,0.0,0.9827192026014624,0.9787111246792151,delay,train
re1tt_ts-travel-service_disk_5,RE1-TT,Train Ticket,0.7543095123338971,0.006963481728864345,,,-0.20197689871273136,0.999999999910555,0.1900611730797224,0.22262530803723896,disk,train
re1ob_adservice_mem_3,RE1-OB,Online Boutique,0.9416333931891882,0.8277306966613277,,,-0.07846672814537789,-0.00023803856221584984,,,mem,train
re1ss_payment_cpu_5,RE1-SS,Sock Shop,0.8653320620757827,0.2096121478662966,,,-0.01006885761899507,0.0,0.4409703883919891,0.8825718147587072,cpu,train
re1ss_catalogue_mem_3,RE1-SS,Sock Shop,0.9581558054171174,0.8887808829520925,,,-0.014029270252305158,0.9999999999976521,0.9461761562365671,0.963384422907005,mem,train
re1tt_ts-route-service_loss_1,RE1-TT,Train Ticket,0.29661012442741935,0.01901795797185214,,,-0.15720044788777773,0.0,0.855457916004334,0.9403773535351487,loss,train
re2tt_ts-travel-service_loss_3,RE2-TT,Train Ticket,0.24706718891770935,0.01378217920633325,-0.0968255892362831,-0.4694178334561284,0.14318430015624622,0.9999999999819732,0.4159067386527333,0.7010929336903539,loss,train
re1ob_checkoutservice_mem_2,RE1-OB,Online Boutique,0.9680497533836572,0.9516666737066721,,,0.06295663855107243,0.9999999989495,,,mem,train
re1ob_checkoutservice_loss_3,RE1-OB,Online Boutique,0.03565909678337303,-0.006834861684631802,,,-0.019758311330221077,0.99999999990975,0.2992979976055805,0.19582554492879906,loss,train
re2tt_ts-route-service_disk_1,RE2-TT,Train Ticket,-0.5744999626374773,0.1908096767018803,0.9997743450879532,-0.10042735042733933,0.16405139284511774,-0.9999999999964156,-0.8853176763272456,-0.6775831435444142,disk,train
re2ob_checkoutservice_mem_3,RE2-OB,Online Boutique,0.9584499657541045,0.910747654688754,0.7713247817969534,0.14081429990068844,0.02202384673135343,0.0,0.8097043309857277,0.8117591129127391,mem,train
re1ss_carts_loss_3,RE1-SS,Sock Shop,0.21144590349649936,0.051050049364248055,,,-0.012805398877176528,0.0,0.2947857120141434,0.8614894908316035,loss,train
re1ss_carts_disk_3,RE1-SS,Sock Shop,0.8700385264525672,0.017407453906807206,,,0.013121196649112616,0.0,0.1410136616811984,0.191084195930752,disk,train
re2ob_checkoutservice_mem_1,RE2-OB,Online Boutique,0.9566277184448346,0.9036736201022776,0.1374195538312191,0.14268727705112286,0.015372216545770883,-0.9999999996390977,0.6951758928966517,0.7925778441909762,mem,train
re1ss_user_disk_5,RE1-SS,Sock Shop,0.7662939485211143,0.07630148591477974,,,-0.022878758182311634,0.9999999998194999,0.23507357280475052,0.7805394568540067,disk,train
re1tt_ts-auth-service_mem_5,RE1-TT,Train Ticket,-0.42489339772082635,0.3524639289990379,,,-0.17166010675173832,0.0,0.6158456986051836,0.671728806668128,mem,train
re1ob_checkoutservice_delay_3,RE1-OB,Online Boutique,0.07095592300722074,0.03951599223257369,,,-0.0589596492412037,-0.9999999998199999,0.9787291617621752,0.9435678171230812,delay,train
re1ss_payment_mem_3,RE1-SS,Sock Shop,0.8630249964199745,0.8336966512732936,,,-0.044684072357850234,0.9999999999992778,0.9941157308061963,0.9813388425405715,mem,train
re2tt_ts-travel-service_mem_1,RE2-TT,Train Ticket,0.863193708938881,0.48458403096041625,0.9184247748832078,-0.2619169656586205,-0.25086584078578994,0.0,0.5795496183159082,0.8163886185135184,mem,train
re2tt_ts-train-service_cpu_2,RE2-TT,Train Ticket,0.8555486986680708,0.016283854112518554,-0.10489470357097122,-0.21006921860191544,0.126146046888393,0.9999999999098975,0.4320426072658185,0.7730807210741392,cpu,train
re1tt_ts-route-service_cpu_1,RE1-TT,Train Ticket,0.764779946757861,-0.0269596052229556,,,-0.2824961989067124,0.0,0.29070319472639966,0.4157669820611305,cpu,train
re1ss_carts_delay_5,RE1-SS,Sock Shop,0.2717822075800789,0.05104563974184628,,,-0.32599671370629024,0.0,0.9815038328477094,0.9528987204699203,delay,train
re1tt_ts-route-service_delay_1,RE1-TT,Train Ticket,-0.44242878288707876,0.03687597058710207,,,-0.21690286360991634,0.0,0.9407207950968698,0.9437481183867421,delay,train
re2ss_orders_disk_1,RE2-SS,Sock Shop,0.9746542213734126,0.15847005960979063,1.0,-0.11578612207313728,0.18881398530006946,0.9999999999998443,0.2329605711881067,0.34598414198076294,disk,train
re2ss_orders_delay_3,RE2-SS,Sock Shop,-0.13829529564395698,0.03512636142547201,-0.9999999999999999,0.2144394223092241,-0.011829799061323901,,0.9329885224834059,0.9581468855012556,delay,train
re1ob_cartservice_mem_4,RE1-OB,Online Boutique,0.8681115191849494,0.7768871546529077,,,-0.085457925682803,-0.9999999998249999,,,mem,train
re1ss_catalogue_delay_1,RE1-SS,Sock Shop,-0.418445067170882,0.1018056117306404,,,-0.01294374922122283,0.0,0.9621389360972612,0.9686934526197787,delay,train
re2ss_orders_socket_2,RE2-SS,Sock Shop,0.8667278393530847,-0.08873118066184604,0.18241241670005892,0.2300416173077299,0.004216308500235299,0.0,0.7221420964119147,0.7529769881783456,socket,train
re1tt_ts-train-service_delay_2,RE1-TT,Train Ticket,-0.43476620793241183,0.02215692908021635,,,-0.3618191517149835,0.0,0.9861516869695879,0.9885989777387334,delay,train
re1ob_productcatalogservice_loss_4,RE1-OB,Online Boutique,-0.09979873492272108,0.030688447810803085,,,0.047397000225909765,0.9999999998194999,0.6040458555487442,0.8116245152298268,loss,train
re1tt_ts-travel-service_loss_4,RE1-TT,Train Ticket,-0.38933589921788775,0.032472161155013286,,,-0.2476083525666939,0.999999999998046,0.8216754350380906,0.8873017840918785,loss,train
re2ob_productcatalogservice_mem_1,RE2-OB,Online Boutique,0.684233186554549,0.8382097553341741,0.07319282158557244,0.38031800601630056,-0.22618501074096506,0.9999999999098186,0.9328368956720713,0.9940824627988071,mem,train
re1tt_ts-auth-service_delay_3,RE1-TT,Train Ticket,0.2508926209509049,0.009658550424748776,,,-0.1327746187251014,0.0,0.5704648611634298,0.39534351126071116,delay,train
re2ss_user_mem_3,RE2-SS,Sock Shop,0.9416128956765807,0.9662857283324683,-0.9999999999999999,0.1719842753868488,-0.0055214161919059,,0.24222866868822548,0.8428841392493902,mem,train
re2ss_carts_cpu_2,RE2-SS,Sock Shop,0.9620299020920242,0.02798059115292028,-0.9999999999999998,-0.37839937839935495,-0.011112368147955718,0.9999999996389585,0.13828462869226277,0.30019367759747584,cpu,train
re1ss_orders_delay_4,RE1-SS,Sock Shop,-0.32289882512472956,0.06731900988106013,,,-0.3549323591135413,0.0,0.9782720855760756,0.9730562735450752,delay,train
re2tt_ts-train-service_cpu_1,RE2-TT,Train Ticket,0.8455247319444839,0.010688726938621428,-0.06366160115285364,0.1459130481228198,-0.17393570185744361,0.9999999996412935,0.3666150939108291,0.767552143936506,cpu,train
re1tt_ts-train-service_disk_5,RE1-TT,Train Ticket,0.7391057535891093,0.00782498444703999,,,0.2684803939096951,-0.9999999999096385,0.18873763297510776,0.1701385292436472,disk,train
re1tt_ts-travel-service_loss_5,RE1-TT,Train Ticket,-0.4857649411393975,-0.024108013044869595,,,-0.28879631248777105,0.9999999999979949,0.8367234924274699,0.8633609710866903,loss,train
re1tt_ts-order-service_cpu_2,RE1-TT,Train Ticket,0.942417530797076,0.03202109996522397,,,0.08475963047854536,0.0,0.16724317464077443,0.30282505769162843,cpu,train
re1tt_ts-route-service_delay_3,RE1-TT,Train Ticket,-0.6328049922067025,0.014919999557078989,,,-0.2975264004488183,0.0,0.9426901824668065,0.9425059142275201,delay,train
re2ss_carts_disk_1,RE2-SS,Sock Shop,0.9337871395563896,0.5708442882496184,-1.0,0.08296525824911426,0.0042861937372342665,0.0,0.19771037323895435,0.24132614979161593,disk,train
re1ss_carts_mem_5,RE1-SS,Sock Shop,0.859373881485601,0.61450459163366,,,-0.021402918591969116,0.9999999999979996,0.8839207970163938,0.9293146949461505,mem,train
re2ob_recommendationservice_cpu_1,RE2-OB,Online Boutique,0.766237684156425,0.0689196944053852,-0.23594588052939863,0.042779170969168744,0.0460687494496726,0.0,0.7958105449600359,0.8125943265878446,cpu,train
re2ss_payment_delay_1,RE2-SS,Sock Shop,-0.06928012607899248,0.006929434814863843,-0.09400561740541624,0.02969270003489266,0.007473669104905606,0.0,0.8546078278560554,0.9551521637356476,delay,train
re1ob_currencyservice_mem_2,RE1-OB,Online Boutique,0.8218350398963568,0.8423534642570097,,,-0.07828763332731728,-0.99999999895,,,mem,train
re1ss_catalogue_delay_2,RE1-SS,Sock Shop,0.24439836438260884,0.05232985494742665,,,0.011164901530315166,0.0,0.961839974453506,0.948332631384679,delay,train
re2ob_productcatalogservice_disk_1,RE2-OB,Online Boutique,0.7038978473502115,0.8482884889873359,0.22859084645870853,0.2688553682342257,-0.01312207754683481,0.0,0.2973146609707323,0.8856300172216471,disk,train
re1ob_checkoutservice_loss_4,RE1-OB,Online Boutique,0.059679360099156184,0.006476868861943548,,,0.03862501916649569,0.0,0.34310780970086857,0.21493486093162018,loss,train
re2tt_ts-route-service_socket_1,RE2-TT,Train Ticket,0.7583542635156836,0.021160664886251145,-0.6028531330907121,0.3280817637755862,-0.2519685723749448,-0.9999999996416128,0.8448059476804461,0.8239446096261313,socket,train
re1ss_payment_loss_3,RE1-SS,Sock Shop,-0.3232315045980652,0.07572354869955818,,,-0.011104235478163334,0.0,0.0411934996105948,0.6760428441214821,loss,train
re1ss_orders_disk_1,RE1-SS,Sock Shop,0.8543726848310611,0.02522534216462088,,,0.025907622743633056,0.0,0.2246093818721561,0.28770548670466495,disk,train
re1tt_ts-order-service_delay_1,RE1-TT,Train Ticket,-0.42386723597179343,0.03207813548954861,,,0.13793402486653827,0.0,0.9413509426109915,0.9431600075345514,delay,train
re2ob_productcatalogservice_cpu_3,RE2-OB,Online Boutique,0.6560981778353425,0.1739358999618348,0.2898888501403034,0.198888888888869,-0.022201255532386333,0.0,0.7603964414464868,0.8927845782741038,cpu,train
re2tt_ts-order-service_socket_2,RE2-TT,Train Ticket,0.974948336837774,0.017169032096366513,-0.6345015434818104,0.44506655332601697,-0.07034779036882179,0.0,0.7753212215394851,0.8026521901183505,socket,train
re1tt_ts-order-service_disk_4,RE1-TT,Train Ticket,0.8008208783884303,0.006419375786165072,,,0.22849242860837143,0.9999999999092052,0.24910968458107358,0.3762168518817842,disk,train
re2ob_productcatalogservice_loss_2,RE2-OB,Online Boutique,-0.5888746895790666,0.4531575274688495,-0.22224574233452657,0.5212483399734085,-0.7079165541163981,0.9999999999944966,0.9934536544986675,0.9985174094852819,loss,train
re1tt_ts-order-service_disk_5,RE1-TT,Train Ticket,0.7910780833263541,0.010523435696792304,,,0.13512383687024004,0.0,0.23602251158642282,0.3718654534775443,disk,train
re1ob_cartservice_mem_5,RE1-OB,Online Boutique,0.8686052316229281,0.7736919452976757,,,-0.07300759617982927,0.9999999996498333,,,mem,train
re1tt_ts-travel-service_delay_3,RE1-TT,Train Ticket,-0.33578152517388005,-0.01096193465442798,,,-0.18652027878595273,0.9999999997594999,0.9112308249096782,0.9023598075522369,delay,train
re1tt_ts-train-service_cpu_3,RE1-TT,Train Ticket,0.8618724254073018,0.01755440328928614,,,-0.16831034088429506,0.0,0.21523253812982981,0.2808973412937711,cpu,train
re2ss_payment_loss_2,RE2-SS,Sock Shop,-0.41037543792634895,0.15228661875884553,-0.9999999999999999,0.11403293192429566,-0.35124177736412326,,0.5346752832356748,0.9457989245572955,loss,train
re1tt_ts-train-service_disk_4,RE1-TT,Train Ticket,0.7190473636175123,0.007783810478242017,,,0.13393270756210035,0.0,0.1362131964054146,-0.3340234020309837,disk,train
re2tt_ts-order-service_disk_2,RE2-TT,Train Ticket,0.8358254317247686,0.1756321289708137,0.9997742050740339,0.037063446830427275,-0.12488400265181554,-0.9999999993984963,-0.09905935155223584,-0.3896025312207579,disk,train
re2ss_orders_cpu_3,RE2-SS,Sock Shop,0.9531051348806708,0.02385653369807614,-1.0,0.06287687536726971,0.008453507956136055,0.0,0.09328547347212549,0.3024402813661146,cpu,train
re1ob_adservice_delay_3,RE1-OB,Online Boutique,-0.01894889606322926,0.007001176833606368,,,-0.019426851731289045,0.9999999998194999,0.9201853884747453,0.9278627249704955,delay,train
re2tt_ts-order-service_socket_1,RE2-TT,Train Ticket,0.8191845697970866,0.021028079228036834,-0.6232726204155404,0.3792877673239263,0.11678072170865475,0.9999999996400399,0.8159323774954491,0.8005462897297575,socket,train
re2tt_ts-order-service_delay_3,RE2-TT,Train Ticket,-0.3236043366483633,0.0131214758937171,-0.09556548019792029,0.05255643869139689,0.14786129904038336,0.0,0.9335507933200716,0.9436546745913746,delay,train
re2tt_ts-route-service_cpu_2,RE2-TT,Train Ticket,0.8934439878473859,0.02009975770297291,-0.10865083246180274,0.06454253457618264,-0.04756558390269994,0.0,0.327448806096533,0.7799076545171518,cpu,train
re1ss_catalogue_cpu_2,RE1-SS,Sock Shop,0.9599996514017312,0.2737717043012566,,,-0.019164948133126997,0.0,0.12154863061364267,0.7713161123202064,cpu,train
re1ss_catalogue_mem_4,RE1-SS,Sock Shop,0.9616372772375907,0.9177552852749943,,,0.013958747336300559,0.0,0.9422212686682498,0.9812257696641415,mem,train
re2ob_emailservice_cpu_3,RE2-OB,Online Boutique,0.9657076509531204,0.06213470517412336,0.12711269611764933,0.0,-0.024084178471620046,0.0,0.7677027457346931,0.8955783039659715,cpu,train
re1ss_orders_mem_1,RE1-SS,Sock Shop,0.7660528363680932,0.48684498668680837,,,-0.0438255041992993,0.9999999999973017,0.8466988894253196,0.9227267206795613,mem,train
re1ob_currencyservice_mem_4,RE1-OB,Online Boutique,0.8431749925192056,0.8443191920999101,,,-0.08827294381551187,0.0,,,mem,train
re1ss_catalogue_cpu_5,RE1-SS,Sock Shop,0.9584505033093084,0.20654362768562406,,,0.010334716358165555,0.0,0.13613229874981742,0.7810144475470967,cpu,train
re1ob_cartservice_disk_3,RE1-OB,Online Boutique,0.6116407876501964,0.037082584848850124,,,0.14091987413182805,0.0,0.5706391129783657,0.8102859614575895,disk,train
re2ob_checkoutservice_cpu_3,RE2-OB,Online Boutique,0.9596492884181903,0.13731070765415238,0.1476144643445148,0.10112203906357721,0.009963222559803779,-0.9999999996390977,0.4925172425411227,0.3464221590672811,cpu,train
re1ob_adservice_loss_4,RE1-OB,Online Boutique,0.08122921963601598,0.012183292442339405,,,-0.039835922029924205,0.0,0.11843013056401927,0.08463810605005379,loss,train
re2tt_ts-auth-service_loss_3,RE2-TT,Train Ticket,0.3359117574033456,0.01695489479192823,-0.07870012034419437,-0.2798799799966493,-0.18155497186413422,0.0,-0.0948619889657834,0.2071160976114917,loss,train
re2ob_emailservice_delay_3,RE2-OB,Online Boutique,0.1584609004944322,0.00811765240052032,-0.13069467472478274,-0.026246868594852573,0.020728388011550428,-0.9999999996417911,0.8924076740418723,0.9575479892443787,delay,train
re1tt_ts-route-service_loss_2,RE1-TT,Train Ticket,-0.709024075346831,-0.01907412384184437,,,-0.3267197133104119,0.999999999519,0.8724510605774645,0.9363707717010976,loss,train
re2ob_recommendationservice_delay_1,RE2-OB,Online Boutique,-0.09318664506570011,0.010764381092758549,0.11448926045636879,-0.10034338038915067,-0.0392168808333849,0.0,0.9393155075616417,0.957145086769876,delay,train
re1ss_orders_loss_1,RE1-SS,Sock Shop,0.30603153802515665,0.04254315324809683,,,-0.026846013472306727,0.9999999999958402,0.8285721790682896,0.9485380647342925,loss,train
re1tt_ts-route-service_cpu_3,RE1-TT,Train Ticket,0.8356942053978362,0.03493353946452201,,,-0.09709497563394853,0.0,0.2737363734356311,0.3805063775306923,cpu,train
re1ob_currencyservice_cpu_4,RE1-OB,Online Boutique,0.8646327207851714,0.05300672319907742,,,0.04391080811618407,0.9999999996517487,,,cpu,train
re2ob_recommendationservice_socket_3,RE2-OB,Online Boutique,0.19447225753106345,0.0837242245586499,0.1696111294265459,0.42532629271691674,-0.007586609363906475,0.0,0.1551746623384232,0.5020480127311916,socket,train
re2ob_currencyservice_mem_1,RE2-OB,Online Boutique,-0.19241854303361802,0.6356808106096206,0.012139736574029798,0.3322012966964743,-0.07831166181493866,0.0,0.9098005151775842,0.7963750254255012,mem,train
re1ob_cartservice_loss_3,RE1-OB,Online Boutique,-0.05676231997133436,-0.027744385996115905,,,-0.024808584508341343,0.0,0.17381217751543085,0.9313470771501433,loss,train
re1ob_currencyservice_disk_2,RE1-OB,Online Boutique,0.246172063022576,-0.039496708898403905,,,-0.01583212221662861,0.0,0.40787551501087954,0.8525073690057223,disk,train
re1ob_cartservice_loss_4,RE1-OB,Online Boutique,-0.12116660829559507,-0.009929699199356747,,,-0.024114774938017485,0.0,0.15991719597961065,0.9200850308810211,loss,train
re1tt_ts-route-service_mem_1,RE1-TT,Train Ticket,0.8349529433755701,0.4248741657394428,,,-0.1146090415102109,0.0,0.702598123368972,0.9047098676090239,mem,train
re1ss_catalogue_disk_3,RE1-SS,Sock Shop,0.9483032861305399,0.10221616654702055,,,-0.1312852638317797,0.0,0.3358663335180703,0.7810922119565948,disk,train
re1ob_productcatalogservice_loss_2,RE1-OB,Online Boutique,-0.10218423056576649,-0.009662599179807413,,,-0.019905937824946426,-0.0013869625519486138,0.4946057767354308,0.8108818082207196,loss,train
re1ss_user_delay_2,RE1-SS,Sock Shop,-0.3586125005425306,0.15563345347102056,,,-0.05312975327564634,0.0,0.9863557778009029,0.9882526274207137,delay,train
re1ob_currencyservice_disk_3,RE1-OB,Online Boutique,0.3029311818773688,0.02391146155833706,,,-0.038009559569153174,0.0,0.3961553018465429,0.853779566267272,disk,train
re2ob_checkoutservice_delay_3,RE2-OB,Online Boutique,0.09738820257133783,0.006284365832440901,0.03881833055729506,-0.019963702359346237,0.03606727428046051,0.0,0.911669667286004,0.9573424437413087,delay,train
re2ob_recommendationservice_mem_3,RE2-OB,Online Boutique,0.7434528031707416,0.6956205180152684,0.9999999999999999,0.01737649063032154,-0.03323753725286006,0.0,0.792166977944604,0.9874916920708315,mem,train
re2ss_catalogue_loss_3,RE2-SS,Sock Shop,-0.48274890003613874,0.2868587790931104,-0.3340580542082476,0.3883106972565929,-0.48390721348862203,0.9999999999951933,0.954769930558595,0.9289361830023258,loss,train
re1ob_checkoutservice_delay_1,RE1-OB,Online Boutique,-0.10394674189539875,-0.10066914636260352,,,-0.3081053235489431,0.0,0.9797195053729332,0.979219493484432,delay,train
re1ss_orders_loss_3,RE1-SS,Sock Shop,-0.32851749737042124,0.07089049220788973,,,-0.04348290523550013,0.9999999999985719,0.8279808564687813,0.949626374923221,loss,train
re2ss_user_disk_2,RE2-SS,Sock Shop,0.9017225403907679,0.975038848957895,0.9999985416975394,0.0400380408939605,0.0035356509788431563,,0.0729486366250285,0.2288467247621432,disk,train
re1ss_catalogue_mem_1,RE1-SS,Sock Shop,0.9601511165470752,0.9159952619825956,,,-0.007201091644288723,0.0,0.9472038811180875,0.9826328339789284,mem,train
re1ss_carts_mem_1,RE1-SS,Sock Shop,0.7175102585946357,0.6221234446303379,,,-0.021629051104614123,0.9999999999979853,0.9006867376112044,0.942597752009357,mem,train
re2ob_recommendationservice_socket_1,RE2-OB,Online Boutique,0.7377677025038619,0.2260393471098355,-0.07668540731518511,0.7278731836195261,-0.07175558329775726,0.9999999996385965,0.9236740161308202,0.961619120813775,socket,train
re1tt_ts-order-service_cpu_1,RE1-TT,Train Ticket,0.8764926081302907,0.02384778718729711,,,-0.13846562652725236,0.0,0.17493624827807996,0.28843752260919325,cpu,train
re2ob_emailservice_cpu_2,RE2-OB,Online Boutique,0.9654202712635402,0.06476314150545034,-0.05177398422787729,-0.016867877693782774,-0.008903112037351477,0.9738637165936611,0.7750216068060689,0.8976340882310938,cpu,train
re1tt_ts-travel-service_delay_4,RE1-TT,Train Ticket,-0.2340285055522098,0.010097016899548355,,,-0.11231166696254825,0.999999999519,0.9037461687093102,0.9015836190623747,delay,train
re2tt_ts-auth-service_disk_3,RE2-TT,Train Ticket,-0.4454430664460609,0.4673875249866159,0.9999255205538196,0.15224492831938002,0.0823273686009073,0.0,0.6036592978347615,0.5246107182577677,disk,train
re2tt_ts-travel-service_loss_2,RE2-TT,Train Ticket,0.3320193258247436,0.01263229403106586,-0.07785727191652635,0.09573505047226406,0.20336030851312323,-0.9999999996392785,0.370343129489497,0.7027770817766102,loss,train
re2tt_ts-route-service_loss_3,RE2-TT,Train Ticket,-0.4866880058899272,0.019367793188589947,-0.9326502041834399,0.06493463259498528,-0.13223975094273,0.0,-0.6977478385235226,-0.8702004898551036,loss,train
re1ob_currencyservice_delay_1,RE1-OB,Online Boutique,-0.07833748804412345,-0.025204032480914355,,,-0.10437861828234857,0.0,0.979343185578594,0.9583342159219831,delay,train
re1ss_carts_loss_5,RE1-SS,Sock Shop,0.2393168280405966,0.05455917000166903,,,-0.01867164559323057,0.0,0.31641742363933845,0.8679319915561474,loss,train
re1ob_currencyservice_loss_5,RE1-OB,Online Boutique,-0.06705483414134143,-0.010116932179417372,,,-0.02634588785737445,0.9999999998194999,0.2103770142258926,0.45788160461268673,loss,train
re2ob_emailservice_loss_2,RE2-OB,Online Boutique,0.20407149543580647,0.31317030515639754,0.19483798696564697,0.34721593481209434,-0.034304021385337585,0.0,0.1916179024948465,0.9390147634617777,loss,train
re2ob_checkoutservice_cpu_2,RE2-OB,Online Boutique,0.9363752847309448,0.13887175896861023,0.2954109607575085,0.07782385947791746,-0.12196617951188408,0.9999999999990968,0.36081965045128567,0.2721182722659437,cpu,train
re2ob_currencyservice_socket_1,RE2-OB,Online Boutique,-0.024961080070239363,0.045551855040612196,0.03231379833494847,0.4454557108062657,-0.012442059366308041,-0.9999999992835821,0.022559183428052836,-0.043692346902390024,socket,train
re1tt_ts-train-service_loss_5,RE1-TT,Train Ticket,-0.5396410887653993,0.028870928720686723,,,-0.18892762821955178,0.0,0.9008751330973701,0.9538922285804137,loss,train
re1ob_cartservice_cpu_1,RE1-OB,Online Boutique,0.8790637093319824,0.03758333993554568,,,-0.061073507872159476,-0.5001785076101738,,,cpu,train
re2ss_carts_mem_3,RE2-SS,Sock Shop,0.8855539710504213,0.7266366382735935,-0.06708928652131674,0.10838748345149152,0.006936073723150514,,0.25158274784439016,0.27285565213456414,mem,train
re2ss_payment_mem_2,RE2-SS,Sock Shop,0.9944349577227781,0.9732328464579607,-0.9999999999999998,0.21594925237878063,-0.005881332673376111,0.0,0.1603448554485006,0.9220699911424748,mem,train
re1tt_ts-auth-service_cpu_4,RE1-TT,Train Ticket,0.455539857126893,0.026114345673912638,,,0.14734211898104604,0.0,0.4504162175813554,0.3931894579063915,cpu,train
re2ss_catalogue_socket_1,RE2-SS,Sock Shop,0.9929175761169092,0.34702287775821183,-0.17576309923999847,0.5380179410508122,0.0038793462968490754,0.0,0.7506435263050003,0.8923865282768823,socket,train
re1tt_ts-train-service_cpu_1,RE1-TT,Train Ticket,0.8033751617723462,0.029930765345813584,,,0.23557742671397858,0.0,0.2309873812256303,0.435055199951767,cpu,train
re2ss_carts_delay_2,RE2-SS,Sock Shop,-0.30517779695794767,0.019083799142905304,-0.9999999999999999,0.4670984330901553,-0.05447631721163644,,0.968213263954142,0.9625569583650881,delay,train
re1ob_productcatalogservice_mem_2,RE1-OB,Online Boutique,0.7765093298581889,0.9595865504180413,,,-0.10141818823532653,-0.3408272628051217,,,mem,train
re2ss_catalogue_disk_3,RE2-SS,Sock Shop,0.9590230550949034,0.9786186498374292,0.9770917660674192,0.22705831903943355,-0.007946982611817189,,0.07123442889729627,0.05556822460619501,disk,train
re1tt_ts-order-service_delay_3,RE1-TT,Train Ticket,-0.2452375049591531,0.021130387767347616,,,0.1338290103271372,0.0,0.8929194538896135,0.8872695762028964,delay,train
re2ss_carts_delay_1,RE2-SS,Sock Shop,-0.38601002713177796,-0.10269243399949379,0.27406425528214434,0.437759926676681,-0.05552039906867017,0.0,0.9745124733402519,0.9767814109887933,delay,train
re2tt_ts-route-service_cpu_1,RE2-TT,Train Ticket,0.7881705219100216,0.021383547789472806,-0.1020322265639662,-0.47882736156349714,-0.1780223783801324,0.9999999996412935,0.6581923958015161,0.81793971774024,cpu,train
re2ss_catalogue_mem_1,RE2-SS,Sock Shop,0.9948914458164652,0.9700984148338189,-0.18396525997405835,0.24535542956823578,0.010963013785655043,0.0,0.17012285581682252,0.9586310679954505,mem,train
re1ss_user_mem_1,RE1-SS,Sock Shop,0.6964820228825701,0.8962780021813616,,,-0.20637581448352424,0.9999999999996806,0.9620506114034639,0.9920092957246294,mem,train
re2ss_orders_socket_1,RE2-SS,Sock Shop,0.710783720980149,-0.08560128617910404,-0.04010874825617252,0.1761988760804081,-0.13225614108705877,-0.9999999999983502,0.3787128307591635,0.25992468068143915,socket,train
re2ob_currencyservice_loss_1,RE2-OB,Online Boutique,-0.4615330884148007,0.4324206449682472,0.19081804293412638,0.7815482502650829,-0.611112781714419,0.9999999999996694,0.9204104740442496,0.958809229255261,loss,train
re2tt_ts-route-service_disk_3,RE2-TT,Train Ticket,0.5301723668449139,0.4563371308474791,0.9997693108924709,0.10292933073256447,-0.12957685947504433,0.0,-0.2506872916593317,-0.6674320168982937,disk,train
re1ss_payment_delay_5,RE1-SS,Sock Shop,0.27783655061546614,0.0518178583955468,,,-0.02662510470706121,0.0,0.7943014889445774,0.9469161706093225,delay,train
re2ss_user_loss_2,RE2-SS,Sock Shop,-0.4659843729371407,0.3473198980743935,-0.9999999999999999,0.5549140294496633,-0.5882195062716732,,0.9648567847559656,0.9884233325714765,loss,train
re2ss_catalogue_delay_3,RE2-SS,Sock Shop,-0.38299522969949606,0.05001731533925607,-0.9999999999999991,0.32446514663324205,-0.08771685204080606,0.9999999999865423,0.988630382994838,0.9927866241676471,delay,train
re1tt_ts-route-service_delay_4,RE1-TT,Train Ticket,-0.3398547111384666,0.016314017773812837,,,-0.3226045232363732,-0.0010405827260767085,0.9423832952745266,0.9452698245501604,delay,train
re1tt_ts-auth-service_mem_3,RE1-TT,Train Ticket,0.41796512614035924,0.424893909440744,,,-0.13618115639580164,0.9999999997594999,0.7719436307745169,0.7351183927549326,mem,train
re1ob_checkoutservice_loss_2,RE1-OB,Online Boutique,-0.04094024344889415,-0.0479264252073513,,,-0.04631586208206665,-0.9999999999742858,0.3007135899786237,0.5145767258735139,loss,train
re2ob_productcatalogservice_socket_1,RE2-OB,Online Boutique,0.6763597056537414,0.5413258424046111,0.10636710764531408,0.8101882321969044,-0.06869024462919064,0.0,0.9469874540085624,0.9114805228880015,socket,train
re2tt_ts-train-service_cpu_3,RE2-TT,Train Ticket,0.8593162580549856,0.013837872182209906,-0.11291048307998824,0.0912910312558229,-0.15324372101277084,0.9999999998798332,0.3572413621988412,0.7604246731229013,cpu,train
re2ob_checkoutservice_delay_1,RE2-OB,Online Boutique,0.05648352745895614,0.009329002013027029,-0.025944556011957717,-0.004428080999054613,-0.015110208078294326,-0.9999999996390977,0.9028871961296335,0.9575795460890215,delay,train
re1ob_productcatalogservice_mem_3,RE1-OB,Online Boutique,0.7840000999652725,0.9588426716536032,,,-0.0940990114723287,0.9999999989495,,,mem,train
re2tt_ts-train-service_disk_3,RE2-TT,Train Ticket,0.8111226884787216,0.5556723044471699,0.9999380403040221,0.09683257424237032,-0.0993577198145193,0.6657822362047076,0.3114801589692471,0.7389858504488984,disk,train
re1ob_adservice_loss_2,RE1-OB,Online Boutique,0.1213798164947651,0.025186051562346455,,,0.03082550073553464,0.9999999999088613,-0.05196278631164374,0.29835517732059896,loss,train
re2ss_user_loss_3,RE2-SS,Sock Shop,-0.18522363384510532,0.2832248481447099,-0.16736012450207968,0.4373479893752534,-0.4755899938742752,0.9999999999980723,0.9610907768859827,0.9868587555982392,loss,train
re1ob_checkoutservice_delay_5,RE1-OB,Online Boutique,0.0604487657145033,-0.01601463954848639,,,-0.2843952615878479,-0.9999999998199999,0.9792531477840595,0.9448870521166384,delay,train
re2ss_user_socket_1,RE2-SS,Sock Shop,0.9323361927704753,0.3226724125244734,0.22903551608530517,0.3221244306487388,-0.013160760080130054,-0.9999999996392785,0.9191183283827787,0.9461274660453669,socket,train
re1ss_payment_mem_5,RE1-SS,Sock Shop,0.8562654958336974,0.8349480263535124,,,-0.021410691686254778,0.9999999999993164,0.9954391158386774,0.9807318208099258,mem,train
re1ob_currencyservice_mem_3,RE1-OB,Online Boutique,0.8199717235932311,0.8415939405144122,,,-0.07571709023499805,-0.999999999475,,,mem,train
re2tt_ts-auth-service_delay_2,RE2-TT,Train Ticket,-0.33203575144373154,-0.024292803226050673,-0.9377602709148036,0.05601435614476761,0.1131367735980861,0.0,0.49722462992761995,-0.3028884102480942,delay,train
re1tt_ts-travel-service_disk_1,RE1-TT,Train Ticket,0.7243146763759621,0.007794687365969133,,,0.26850870878828115,-0.99999999991,-0.13047816241899526,-0.15823058390308573,disk,train
re1tt_ts-train-service_delay_5,RE1-TT,Train Ticket,-0.3156340545232414,0.01332919959358259,,,-0.2685211720904308,0.99999999987993,0.968707053265495,0.971021197640886,delay,train
re2ob_recommendationservice_cpu_2,RE2-OB,Online Boutique,0.7422328118433003,0.06483635433339985,1.0,0.003084450116996357,-0.0418005793685695,0.0,0.6876523735937959,0.805161921016365,cpu,train
re1ss_orders_loss_5,RE1-SS,Sock Shop,0.24154331673350152,0.04974109092263646,,,-0.09304483853050396,0.9999999999990541,0.9083481956765115,0.9629839697258691,loss,train
re2ss_carts_delay_3,RE2-SS,Sock Shop,0.1592778564608515,0.019293960358200517,-0.9999999999999998,0.4927697456394532,-0.048938085480686226,,0.9667794952447852,0.9606917427098504,delay,train
re1tt_ts-order-service_mem_2,RE1-TT,Train Ticket,0.9639979676659484,0.41427148026325633,,,-0.13052049198214233,0.0,0.4923125320437865,0.8469438248811438,mem,train
re2ss_carts_mem_1,RE2-SS,Sock Shop,0.8776689587047811,0.7470448800571808,-0.9999999999999998,0.2716792712728676,-0.007002604083064751,-0.9999999946268657,-0.8627998948497125,-0.8357871710458891,mem,train
re1tt_ts-train-service_loss_4,RE1-TT,Train Ticket,-0.3659977325071252,0.03122715038072243,,,-0.18292674670724077,0.0,0.8777111397454305,0.9431440925377764,loss,train
re1ss_orders_delay_3,RE1-SS,Sock Shop,0.2366898679321315,0.05120996151733299,,,-0.2642038056977627,0.0,0.9792172082950185,0.968766036830554,delay,train
re1ob_productcatalogservice_disk_1,RE1-OB,Online Boutique,0.3694726180610877,0.1432501160363727,,,-0.06245431246474132,0.0,0.24843346845345557,0.739569153286301,disk,train
re1ss_catalogue_disk_4,RE1-SS,Sock Shop,0.9467405693153783,-0.5802787541295732,,,-0.554263850589903,-0.9999999999996585,-0.8588761961490848,-0.8615078969476614,disk,train
re2tt_ts-train-service_mem_2,RE2-TT,Train Ticket,0.6358242590533661,0.5022185384404344,0.9115348436406401,0.19518730831536688,0.20140402912859814,0.0,-0.8507679465107632,-0.864575229528964,mem,train
re1ob_checkoutservice_delay_2,RE1-OB,Online Boutique,-0.07780314095980084,0.01852952750516427,,,-0.3381897724296125,0.9999999998205764,0.9785057625468544,0.9536842771441286,delay,train
re2tt_ts-travel-service_delay_2,RE2-TT,Train Ticket,-0.27970822611417534,0.0165598634288599,-0.09595036094331234,-0.3225123500352677,-0.4118510814850679,0.9999999992825871,0.9403451021691874,0.9318455900311038,delay,train
re1ob_cartservice_delay_2,RE1-OB,Online Boutique,-0.048795848774818476,-0.032923522010357406,,,-0.07254186483021653,0.0,0.9847426832123914,0.9447859305420409,delay,train
re1ss_carts_mem_2,RE1-SS,Sock Shop,0.7140976309397832,0.6106647917065605,,,-0.020604752897600522,0.999999999997561,0.9000223958799451,0.942391716047729,mem,train
re2ob_productcatalogservice_disk_3,RE2-OB,Online Boutique,0.6943081600566157,0.8054800266679558,1.0,0.17508070363313374,0.04087829468558732,0.0,0.7901372090396334,0.9010372060683045,disk,train
re1ob_checkoutservice_mem_4,RE1-OB,Online Boutique,0.9628039192267205,0.9529857230091531,,,-0.04411690015955569,-0.99999999895,,,mem,train
re2tt_ts-auth-service_delay_3,RE2-TT,Train Ticket,-0.48654725049319336,-0.020540179171672716,-0.9290464883743077,-0.08513341804318901,-0.25693936037001264,0.0,0.48056057767969346,-0.7910472280721899,delay,train
re1tt_ts-train-service_mem_3,RE1-TT,Train Ticket,0.8432125715886613,0.6479791636257938,,,0.1200278045219882,0.0,0.7379088102073146,0.762648597824801,mem,train
re1ob_currencyservice_cpu_2,RE1-OB,Online Boutique,0.8411920581539951,0.055933231538399644,,,0.020472389421568832,0.9999999998494338,,,cpu,train
re2ob_emailservice_loss_3,RE2-OB,Online Boutique,0.35923591041557534,0.3633072717449657,0.2730974053816032,0.37313432835816995,-0.07212215601610412,-0.9999999996417911,0.1877828295855052,0.9604475312190972,loss,train
re2ob_productcatalogservice_loss_3,RE2-OB,Online Boutique,-0.34984926823359036,0.22381872142855255,0.8194347920258311,0.3740037841866822,-0.34456126940736453,0.9999999999893963,0.9169312466855376,0.9906677137346868,loss,train
re1ob_checkoutservice_mem_3,RE1-OB,Online Boutique,0.9615115260306965,0.9519778805807647,,,0.007103256638863828,0.9999999989495,,,mem,train
re2ss_orders_mem_1,RE2-SS,Sock Shop,0.9651275289211165,0.4125755634153636,0.20103682166928438,0.15031414867934784,0.0060884942378825,0.999999999640399,0.28983263439608004,0.7350085590539644,mem,train
re1ob_cartservice_delay_5,RE1-OB,Online Boutique,-0.08320829281625737,0.02040482244662846,,,-0.06758091076696102,0.9999999998194999,0.984675772936745,0.9412849368624666,delay,train
re1ob_currencyservice_cpu_3,RE1-OB,Online Boutique,0.8955358959253884,0.055395070186555755,,,0.011207695401249905,-0.15901225982901143,,,cpu,train
re2tt_ts-route-service_delay_1,RE2-TT,Train Ticket,-0.17759041950775925,0.01240897643594075,-0.08243783773958417,0.30391555860967606,-0.17145253100974664,-0.9999999996396396,0.9695392425066639,0.9635975305016674,delay,train
re1tt_ts-travel-service_mem_4,RE1-TT,Train Ticket,0.863560179922562,0.38130880337113376,,,0.17083670857958344,0.0,0.7083219827794653,0.8250425061423223,mem,train
re1ss_user_delay_5,RE1-SS,Sock Shop,0.22976082170086154,0.04920098696510671,,,-0.05304626362206071,0.0,0.9869341420346747,0.9571523808385591,delay,train
re1ss_payment_disk_5,RE1-SS,Sock Shop,0.835909595199053,0.10908817387310142,,,-0.018155597859966725,0.0,0.25436202176246103,0.8744618879234176,disk,train
re1tt_ts-travel-service_disk_3,RE1-TT,Train Ticket,0.7246206411836493,0.017346718116396265,,,-0.1528517570432149,0.99999999990993,-0.26338805506850677,0.2201837067162005,disk,train
re1ob_adservice_disk_5,RE1-OB,Online Boutique,0.8567666374507128,0.02254831723581917,,,0.09578572882851884,0.0,0.07914523441182374,0.4720461461558572,disk,train
re1tt_ts-train-service_disk_1,RE1-TT,Train Ticket,0.7206542329357999,-0.013875055463110306,,,-0.21884969278961755,0.9999999999082125,0.15602497186104455,0.2797728083426582,disk,train
re1ob_adservice_cpu_3,RE1-OB,Online Boutique,0.9669740631431498,0.03998004622956275,,,-0.01205090216994967,0.99999999947475,,,cpu,train
re1ob_currencyservice_disk_5,RE1-OB,Online Boutique,0.2690905962320964,0.07558558423871087,,,0.031198494264902267,0.0,0.4503834900006913,0.8344632211642519,disk,train
re1tt_ts-order-service_cpu_4,RE1-TT,Train Ticket,0.985381369471636,0.04069947487825572,,,0.08161601809026735,0.0,0.1217070732199411,0.1533854336904419,cpu,train
re1ss_carts_disk_2,RE1-SS,Sock Shop,0.87199704484034,0.018170305777729902,,,-0.01952195588738992,0.0,0.1842366853043626,0.21391800416009854,disk,train
re1ob_adservice_disk_2,RE1-OB,Online Boutique,0.8535152270736246,0.016600975057414515,,,0.05708855431505581,0.0,0.07439572119749789,0.45813422911287877,disk,train
re2tt_ts-route-service_socket_3,RE2-TT,Train Ticket,0.8362362635413692,0.014559038593387237,-0.07337132753450502,0.3773276736830057,-0.11298628736266823,0.0,0.8795897150256407,0.8929889891919691,socket,train
re1tt_ts-auth-service_disk_3,RE1-TT,Train Ticket,0.6067959751077964,0.008250690460672196,,,0.1977508739470104,0.0,0.2048944984628114,0.16750746064890265,disk,train
re2tt_ts-order-service_mem_1,RE2-TT,Train Ticket,0.7309604379767375,0.5021401731047364,0.9086849180580849,0.151227026162288,0.09228066139620705,0.0,0.6161878432352517,0.6888782457251845,mem,train
re1tt_ts-auth-service_mem_4,RE1-TT,Train Ticket,0.3519311972399976,0.4002676699258473,,,-0.21228498362747275,0.0,0.6217146643242477,0.6836790132627657,mem,train
re1ss_user_delay_4,RE1-SS,Sock Shop,-0.34076924793519875,0.1891777390578146,,,-0.050472573002302346,0.0,0.9870847081122657,0.9891528524759471,delay,train
re1tt_ts-order-service_cpu_3,RE1-TT,Train Ticket,0.9843446043239578,0.02942189514119537,,,0.08813005215955114,0.0,0.12698127863541478,0.1789021713685832,cpu,train
re1tt_ts-order-service_mem_3,RE1-TT,Train Ticket,0.9364102556271874,0.4652285303162102,,,-0.2744879173020483,0.9999999999264588,0.6529780368916668,0.821041644700241,mem,train
re1ss_payment_loss_4,RE1-SS,Sock Shop,-0.21802367854357493,0.04208452896581903,,,-0.013477994725382754,0.0,-0.03362454779404806,0.07617765886797784,loss,train
re2ss_carts_loss_1,RE2-SS,Sock Shop,-0.2683100317017325,0.02743505969515918,-0.9999999999999999,0.38769502262809746,-0.2953957837896032,0.9999999996405783,0.9250750673809234,0.9731998061312896,loss,train
re2ob_currencyservice_socket_2,RE2-OB,Online Boutique,0.1901688497964387,0.08233067438807684,0.9999999999999998,0.6289482148600545,-0.05106136543300195,0.0,0.8691176867185321,0.5354231124785467,socket,train
re1tt_ts-travel-service_cpu_5,RE1-TT,Train Ticket,0.8614187733290232,0.0107189820995476,,,0.09219752826769913,0.0,0.31013146770658745,0.27808296557331635,cpu,train
re1ss_catalogue_delay_3,RE1-SS,Sock Shop,0.25478601478535434,0.08373341040635507,,,-0.023434243883056233,0.0,0.9617193332088888,0.9669589581364114,delay,train
re1tt_ts-order-service_delay_2,RE1-TT,Train Ticket,-0.5276852184385448,0.01418227783680411,,,0.14968649416371793,0.0,0.9507691357289262,0.9296127547385004,delay,train
re1tt_ts-route-service_disk_3,RE1-TT,Train Ticket,0.28377075856771355,0.007619649562534082,,,-0.4743919609691508,0.0,0.21140834666971095,0.31527416776056766,disk,train
re2ob_productcatalogservice_socket_2,RE2-OB,Online Boutique,0.42149013533258384,0.29487833018750165,0.3668318706999002,0.6168205673287421,-0.02109473064563989,,0.48931969318660384,0.7462866082653531,socket,train
re2ss_user_disk_1,RE2-SS,Sock Shop,0.9373669345674367,0.9777070330816281,0.12439365817822663,0.11793544369858328,0.08070504498805567,-0.9999999999928011,0.18034063922919644,0.832651053471245,disk,train
re1ss_carts_disk_4,RE1-SS,Sock Shop,0.8712306736274459,0.015572237548061602,,,0.01744244524827153,0.0,0.13644794421146986,0.24815206097683037,disk,train
re2ob_recommendationservice_mem_2,RE2-OB,Online Boutique,0.744028725105275,0.7416610067265962,0.05708846742157573,0.09757659733109977,-0.04751728111431701,-0.9999999996390977,0.7944468830472687,0.9875591765028197,mem,train
re1ss_carts_loss_2,RE1-SS,Sock Shop,-0.3083236837317261,0.07036099224670246,,,-0.012624213626208775,0.0,0.354369487407507,0.8735936986497586,loss,train
re1tt_ts-train-service_mem_2,RE1-TT,Train Ticket,0.8936076018933502,0.6253275472490687,,,-0.18416616375605266,0.9999999997594999,0.8831668766329424,0.970873974299258,mem,train
re1tt_ts-auth-service_cpu_5,RE1-TT,Train Ticket,-0.49534712953202575,0.012606865141076257,,,-0.11263893348218645,0.0,0.41957675323275156,0.39693061110502664,cpu,train
re1ss_orders_mem_2,RE1-SS,Sock Shop,0.768198056125734,0.447233082745882,,,-0.06643645860213246,0.999999999996888,0.8248325645176319,0.92222663615339,mem,train
re2ss_orders_delay_2,RE2-SS,Sock Shop,-0.36094644313186514,0.07615567341337677,-0.9999999999999996,0.2019158344655485,-0.016529495965437416,,0.931979763071162,0.9581094814892941,delay,train
re1tt_ts-travel-service_mem_3,RE1-TT,Train Ticket,0.87350635540569,0.41115275744780183,,,0.3424358496948677,0.0,0.690720307577212,0.8041773263583777,mem,train
re1tt_ts-travel-service_cpu_4,RE1-TT,Train Ticket,0.8668233065779479,0.011116846374418832,,,0.21235063603050292,0.0,0.2224771497706717,0.37891116319158286,cpu,train
re1tt_ts-train-service_cpu_5,RE1-TT,Train Ticket,0.8811765849409313,0.050282014865601576,,,0.1502495928719754,0.9999999997594999,0.30046483128462054,0.45996379826589284,cpu,train
re2ss_payment_disk_1,RE2-SS,Sock Shop,0.986501529636611,0.9641651008287694,0.13040386823325006,0.2208361296702282,0.06844980135481876,-0.9999999999961434,0.26052192335545576,0.8824921287707347,disk,train
re2ob_emailservice_disk_1,RE2-OB,Online Boutique,0.9689362725398732,0.51156908932252,1.0,0.0,-0.05214277710893046,0.0,0.5292355422767141,0.6438737414611848,disk,train
re1ss_user_disk_1,RE1-SS,Sock Shop,0.7626082831136309,0.08387211385419428,,,-0.009728024834511987,0.0,0.24684913583322088,0.775165572560482,disk,train
re2ss_catalogue_cpu_3,RE2-SS,Sock Shop,0.9740923412938802,0.3053766936285661,-0.9999999999999999,0.1397892225094352,-0.006760264654866785,0.0,0.0803557868497984,0.237329514584395,cpu,train
re1ss_payment_mem_1,RE1-SS,Sock Shop,0.8642164141092401,0.9015471337341686,,,-0.03662424911875041,0.0,0.9945717486177078,0.9974051779364832,mem,train
re2ob_emailservice_socket_2,RE2-OB,Online Boutique,0.9358413701098285,0.10096536640206065,0.21276715238399052,0.5039559683522116,0.038264278736500186,0.0,0.6423657658209395,0.8144685258336251,socket,train
re2tt_ts-auth-service_cpu_1,RE2-TT,Train Ticket,0.6430776563494239,0.011416242199862174,0.08570820854243219,-0.10337424985833386,-0.156024121553897,0.9999999996387775,0.33607299095592447,0.3799783827965734,cpu,train
re2ob_emailservice_delay_1,RE2-OB,Online Boutique,-0.035019378495093324,0.0064492185139181785,-0.04208844463125126,0.026878771256170608,0.03753270659450315,0.0,0.8696523397575117,0.957435031846466,delay,train
re1ss_catalogue_cpu_1,RE1-SS,Sock Shop,0.9625025316316631,0.24012546384625913,,,0.006444630698269909,0.0,0.13333242979740842,0.7841925702115049,cpu,train
re2ss_carts_disk_2,RE2-SS,Sock Shop,0.9525813157340274,0.5714699022349105,-0.9999999999999999,0.1844940530867132,-0.004524780451705793,,0.6053060729912163,0.5958431033943199,disk,train
re1tt_ts-auth-service_disk_1,RE1-TT,Train Ticket,-0.3914498234120987,0.008254177471703244,,,-0.23979765047560508,0.0,0.27403308123919584,0.2566268071093057,disk,train
re1ss_orders_cpu_4,RE1-SS,Sock Shop,0.7657815793689897,0.08083604156483921,,,0.012339821135708291,0.0,0.24825545154029752,0.43160723252587097,cpu,train
re2tt_ts-train-service_socket_3,RE2-TT,Train Ticket,0.6290181750944878,0.022391616562840617,-0.9406518520709477,0.34503138732384786,-0.11540984713495059,0.0,0.7216678677968954,-0.6690722043749245,socket,train
re2ss_payment_mem_1,RE2-SS,Sock Shop,0.9950817483853306,0.9793093859534223,-0.19496867968610015,0.18607813335461554,-0.16330767405354824,-0.9999999999989623,0.19565613347227337,0.9295300768233276,mem,train
re2ob_recommendationservice_loss_2,RE2-OB,Online Boutique,-0.2658674917946883,0.5177412900591326,0.2360617458257772,0.5306600703033211,-0.35924618272630837,0.0,0.9499217230603689,0.9947151448288998,loss,train
re2tt_ts-auth-service_mem_2,RE2-TT,Train Ticket,0.44320069816560287,0.3533579087038806,0.960301707756063,0.14547954367279722,-0.2663335733985713,0.9999999996409362,0.6808412011821015,0.5592437888776537,mem,train
re2ob_recommendationservice_disk_3,RE2-OB,Online Boutique,0.739697190784288,0.8058188952538976,1.0,-0.02423158237111679,0.032575134979667915,0.0,0.7284923045573529,0.9000296170992718,disk,train
re2ob_productcatalogservice_delay_2,RE2-OB,Online Boutique,-0.11894221551076668,0.03436340745869614,0.19844544764978575,0.1396181384248186,-0.13073983379699136,0.0,0.9364581380282856,0.9596074475303477,delay,train
re1tt_ts-order-service_mem_4,RE1-TT,Train Ticket,0.9628193393791743,0.4675619338046602,,,-0.11977987649515137,0.0,0.6776437528211521,0.8557222190992687,mem,train
re1tt_ts-route-service_cpu_4,RE1-TT,Train Ticket,0.8438637685922326,0.030231738527990454,,,-0.04068448341351502,0.0,0.20466820449968837,0.39005083360740667,cpu,train
re1tt_ts-auth-service_mem_1,RE1-TT,Train Ticket,0.39133958650252665,0.44759920912743306,,,-0.2763237245196026,0.999999999519,0.7725084494775912,0.7464238160784628,mem,train
re2ss_user_mem_2,RE2-SS,Sock Shop,0.9385282537812537,0.9735193939698065,0.08629244692508767,0.38779542117301335,-0.009003362187526948,,0.3326019595145433,0.8404490749217203,mem,train
re2ss_user_disk_3,RE2-SS,Sock Shop,0.9004311259153328,0.9727761470259919,0.9999984479499531,0.04174810413571987,-0.0024608084720691165,,0.06111553485609403,0.1236017725511369,disk,train
re1ss_user_mem_2,RE1-SS,Sock Shop,0.6965290178619221,0.8686053420963242,,,-0.061419922834377555,0.9999999999990189,0.9581652383779213,0.9853579835189754,mem,train
re2ob_recommendationservice_loss_3,RE2-OB,Online Boutique,-0.3975406438801764,0.4745287652261247,0.9999999999999999,0.5966433566433266,-0.37040890896982814,,0.9957663527651917,0.9969582766436055,loss,train
re1ss_orders_cpu_3,RE1-SS,Sock Shop,0.8696733129801768,0.05222213827435904,,,0.006280010609418768,0.0,0.40852283942316897,0.5820892427240838,cpu,train
re1tt_ts-order-service_cpu_5,RE1-TT,Train Ticket,0.9850072433039381,0.01838296056528066,,,-0.09522808157527922,0.0,0.12561195697822417,0.2671393479174131,cpu,train
re1ob_checkoutservice_mem_1,RE1-OB,Online Boutique,0.9649917573280633,0.9544805755690008,,,-0.03801607560659847,0.19977147205858828,,,mem,train
re2ss_orders_mem_2,RE2-SS,Sock Shop,0.953331426245412,0.44379878535110623,-0.9999999999999999,0.13107835252439737,0.002998936718063715,0.9999999996395,0.3103358973925262,0.8161278521311229,mem,train
re1ob_adservice_delay_4,RE1-OB,Online Boutique,-0.017979179988036345,0.02103046433982355,,,-0.025608052750698027,-0.9999999998199999,0.8930481319952474,0.933661073736706,delay,train
re1ob_currencyservice_cpu_1,RE1-OB,Online Boutique,0.8297385174856668,0.09386819549803886,,,-0.11505613358454322,0.9999999994849228,,,cpu,train
re1ob_cartservice_disk_5,RE1-OB,Online Boutique,0.5304564098363506,0.025994355745924503,,,0.051440222735744154,0.0,0.5267928285100885,0.7372519497531651,disk,train
re1tt_ts-travel-service_delay_1,RE1-TT,Train Ticket,-0.7637220119713743,-0.0345628989458346,,,-0.29505063372404133,0.0,0.95357047104043,0.9536029561842736,delay,train
re2tt_ts-auth-service_cpu_2,RE2-TT,Train Ticket,0.4481055216987791,0.014197905810282295,-0.07628566568712127,-0.3286713286713066,0.09043336185193596,0.9999999996412935,0.5598740262921507,0.513023758770472,cpu,train
re1tt_ts-train-service_delay_1,RE1-TT,Train Ticket,-0.40847491969331506,0.03606585875694729,,,-0.31633070776213124,0.0,0.9781438551222086,0.9770632874436851,delay,train
re2ob_recommendationservice_disk_2,RE2-OB,Online Boutique,0.7421837289271128,0.8038714181679067,1.0,-0.0032877660494890822,-0.022499281532971486,0.0,0.7233320906899146,0.9017668002158125,disk,train
re1ss_user_disk_2,RE1-SS,Sock Shop,0.7702491381007125,0.07971943566217725,,,-0.02621975986439593,0.0,0.25917723842698076,0.7872714373024394,disk,train
re2tt_ts-auth-service_loss_1,RE2-TT,Train Ticket,0.44219343344366124,0.014805404642737156,0.4223670318382522,-0.3012792018401012,0.13500379927928424,-0.9999999998093092,0.11278038417219585,-0.18699804022393351,loss,train
re1ss_orders_disk_4,RE1-SS,Sock Shop,0.8652650363501535,0.025215250566843275,,,-0.03562445655627731,0.0,0.1314619444450089,0.25176195787962574,disk,train
re2ob_recommendationservice_disk_1,RE2-OB,Online Boutique,0.764379578646553,0.8158419495789136,1.0,-0.006211180124222808,-0.017845094158321206,-0.9999999992835821,0.6459126324499115,0.8913510043321541,disk,train
re1tt_ts-route-service_cpu_2,RE1-TT,Train Ticket,0.8588101423740115,0.0505806982397412,,,0.3458203738389958,0.0,0.12139031401926743,0.6504889552587015,cpu,train
re1ob_currencyservice_disk_1,RE1-OB,Online Boutique,0.2383700763093548,0.038061514859968774,,,-0.03733067667293319,0.99999999990975,0.4129443903417093,0.8646740923829965,disk,train
re1tt_ts-auth-service_disk_4,RE1-TT,Train Ticket,-0.4447903094017977,0.008243180346360235,,,0.25662653849403705,0.0,0.19960076779539174,-0.22795040075979034,disk,train
re1ob_checkoutservice_disk_2,RE1-OB,Online Boutique,0.9011800318036226,0.10729089042390709,,,-0.02815187028765311,0.9999999998194999,0.19365692639165025,0.244163278948349,disk,train
re2ss_catalogue_loss_2,RE2-SS,Sock Shop,-0.5230278791863269,0.13103479485751865,-0.2808885361690111,0.497473392018581,-0.4233539464840782,0.9999999999971918,0.9571971384935398,0.9975492652480269,loss,train
re1tt_ts-order-service_delay_5,RE1-TT,Train Ticket,-0.21186789327716,0.011978114737897037,,,-0.1708182231157798,0.9999999997594999,0.8853195671079024,0.9455681379022558,delay,train
re1ob_currencyservice_delay_3,RE1-OB,Online Boutique,-0.061489324198148995,-0.05712314424072632,,,-0.07873582136915454,0.0,0.9522602666660883,0.9577325106989225,delay,train
re2ss_catalogue_disk_1,RE2-SS,Sock Shop,0.9856589588469233,0.9558644235862443,0.3662065250682131,-0.17736040488317922,0.10647406175266728,0.0,-0.3153498538765278,-0.17659758848887155,disk,train
re1ob_adservice_loss_1,RE1-OB,Online Boutique,0.09558415077517904,0.01650043806610462,,,0.020833431128236927,0.0,0.1387763238648137,0.9463689522602559,loss,train
re1ss_carts_cpu_5,RE1-SS,Sock Shop,0.8649497364995132,0.051485789269594295,,,0.012665711940110918,0.0,0.3788371315968234,0.5485085271327157,cpu,train
re1ss_carts_cpu_4,RE1-SS,Sock Shop,0.7287025039591657,0.11410421791000025,,,-0.02973175980498179,0.0,0.43315078175599087,0.5796648261800169,cpu,train
re1ob_currencyservice_cpu_5,RE1-OB,Online Boutique,0.8800746173959378,0.0503985506588865,,,0.013928983940767293,0.9999999994804649,,,cpu,train
re1ss_user_cpu_4,RE1-SS,Sock Shop,0.7691078480443979,0.1338574713898788,,,-0.025314725532750663,0.0,-0.6061626378849542,0.8835192601319075,cpu,train
re2ob_emailservice_cpu_1,RE2-OB,Online Boutique,0.9703505940206957,0.06412786477159382,0.16730816528161027,0.014129443938010433,0.050335934396638124,0.0,0.5911983423313594,0.6726888524172855,cpu,train
re2ob_emailservice_mem_1,RE2-OB,Online Boutique,0.9670392875992208,0.6775578030817133,0.1330964464445007,0.014383358098068073,-0.009921363253070187,0.0,0.9651503362846696,0.9944897935266539,mem,train
re2ss_carts_socket_3,RE2-SS,Sock Shop,0.9564873287219243,0.029107399131738036,-0.9999999999999998,0.4166309632750075,0.019659791855464324,,0.500612832388223,0.5978888688285448,socket,train
re1ss_catalogue_delay_4,RE1-SS,Sock Shop,0.25786284914331375,0.05158862194719582,,,-0.006110172085040831,0.0,0.9616862976467132,0.9397826117766496,delay,train
re2tt_ts-train-service_loss_1,RE2-TT,Train Ticket,-0.3361693247210181,0.012822146809217297,-0.09722859945408081,0.19598550320600858,-0.12792092905334057,0.99999999981993,0.5795800205052251,0.9055224038894938,loss,train
re2ss_orders_disk_3,RE2-SS,Sock Shop,0.7020854325659295,0.493554970251794,0.9999978296256904,0.07527598396762288,0.005133503605431995,0.0,0.05368041027265626,0.10002887694090876,disk,train
re1ob_currencyservice_delay_5,RE1-OB,Online Boutique,-0.06232665434829632,-0.029121923536004082,,,-0.09016235224580264,-0.001386962551886114,0.9908474980089663,0.9443324788492784,delay,train
re2tt_ts-auth-service_socket_2,RE2-TT,Train Ticket,0.4460486647842985,0.02271467605813808,-0.34368418661048844,0.3150404335673221,-0.18279506722774203,0.0,0.6561912543826577,0.4847114528233072,socket,train
re1ob_cartservice_cpu_4,RE1-OB,Online Boutique,0.880843801536351,0.036849922299146805,,,-0.06564901072349023,-0.00023803856221584984,,,cpu,train
re1ss_user_loss_2,RE1-SS,Sock Shop,-0.30914479398701683,0.11738687722380337,,,0.013981755531203005,0.0,0.335784955659655,0.9474082105168675,loss,train
re2tt_ts-train-service_delay_3,RE2-TT,Train Ticket,-0.34083612561360926,0.014762916109086109,-0.0694116256161504,0.2592540757049481,-0.2651658148742842,0.0,0.9763711869808556,0.978799184315651,delay,train
re1ob_cartservice_cpu_3,RE1-OB,Online Boutique,0.8790414728887795,0.03725246110044848,,,-0.05663220558688101,-0.6001523227985561,,,cpu,train
re2tt_ts-auth-service_mem_3,RE2-TT,Train Ticket,0.4316087392591279,0.4029740075797153,0.9011873925073015,0.14568186576438522,-0.20609692989751505,0.0,-0.6932283645430775,-0.7223419630731349,mem,train
re2tt_ts-train-service_disk_2,RE2-TT,Train Ticket,0.8160834141044223,0.5707383255247463,0.999942394872166,-0.20903954802258704,-0.1489316271878153,0.0,0.4038808105387751,0.7651081996635006,disk,train
re2ob_checkoutservice_loss_1,RE2-OB,Online Boutique,-0.22847010897936001,0.13534057771525232,0.03967949451040288,0.14319667260843053,-0.4539315528447046,0.999999999972264,0.8980234911846032,0.9066806731452559,loss,train
re1tt_ts-route-service_mem_3,RE1-TT,Train Ticket,0.8468158121768409,0.3915678123480866,,,0.2740563603052528,0.0,0.46825433496234536,0.7926721438702014,mem,train
re1ob_cartservice_delay_4,RE1-OB,Online Boutique,-0.07122896532658449,0.02260315571934192,,,-0.06865319320206469,0.9999999999398335,0.9843916837640296,0.940654581245648,delay,train
re1tt_ts-order-service_disk_3,RE1-TT,Train Ticket,0.8207867400027918,0.014818333762252134,,,0.189219083280188,-0.9999999998199999,0.2891456637878637,0.40298555186295065,disk,train
re1ob_checkoutservice_disk_5,RE1-OB,Online Boutique,0.8939677386773066,0.11633127566595414,,,-0.011750657283628757,0.0,0.20381376087007846,0.23396014371537105,disk,train
re1ss_payment_loss_2,RE1-SS,Sock Shop,-0.08587339238162896,0.02737906273807804,,,-0.01564097606043179,0.0,0.04164283524315227,0.301973539252093,loss,train
re1tt_ts-route-service_loss_4,RE1-TT,Train Ticket,-0.4848473213285119,-0.020979269143172632,,,-0.2073282805006557,0.9999999999518567,0.767449767501123,0.9127179502047432,loss,train
re1tt_ts-order-service_loss_4,RE1-TT,Train Ticket,-0.364473968921918,0.02218032322249207,,,0.2653775305389645,0.999999999939845,0.6180755900541063,0.9427367487952193,loss,train
re2tt_ts-travel-service_cpu_1,RE2-TT,Train Ticket,0.5961269954282238,0.018697023311709148,-0.9430364782132798,-0.08396946564884211,-0.07748249320700923,0.0,0.3621050647109745,-0.7349424416585338,cpu,train
re1ob_productcatalogservice_disk_4,RE1-OB,Online Boutique,0.4106722973615676,0.13631948839352107,,,0.050602495678977705,-0.9999999998199999,0.4001819866715898,0.8007974474786947,disk,train
re2tt_ts-train-service_loss_3,RE2-TT,Train Ticket,-0.362789487038543,0.01246575983979366,-0.09211341285612325,0.0898543494541902,-0.24586877000580845,-0.9999999992835821,0.60740158119448,0.9057993596301154,loss,train
re2tt_ts-order-service_loss_1,RE2-TT,Train Ticket,-0.3204200419790633,0.013323596708110674,0.44734487746686435,-0.0425531914893583,-0.11138930635183604,0.9999999998195694,0.25384045658016335,0.6793145759322959,loss,train
re1tt_ts-train-service_mem_1,RE1-TT,Train Ticket,0.8725741331422049,0.6435979059438386,,,-0.10238762776982084,0.0,0.773409465415144,0.8835601361990472,mem,train
re1ss_user_cpu_2,RE1-SS,Sock Shop,0.6991528093683773,0.21745430565569002,,,0.012995073228180748,0.0,0.8266818385675792,0.835127595853879,cpu,train
re1ob_checkoutservice_cpu_2,RE1-OB,Online Boutique,0.9645349578266994,0.1603653074913533,,,-0.03706506476378399,-0.9999999994777419,,,cpu,train
re1ob_checkoutservice_cpu_5,RE1-OB,Online Boutique,0.972036631847926,0.15279665378038668,,,-0.016849455806313758,0.9999999989515969,,,cpu,train
re1ss_payment_cpu_3,RE1-SS,Sock Shop,0.8739925996452281,0.18862400044088737,,,-0.016553031236095722,0.0,0.3956400243016354,0.8429088430125871,cpu,train
re1ob_currencyservice_mem_5,RE1-OB,Online Boutique,0.8625562527405973,0.8485498390919103,,,-0.06130290421833821,-0.9999999996509309,,,mem,train
re1tt_ts-route-service_delay_5,RE1-TT,Train Ticket,-0.3140850501326573,0.013228798392353792,,,-0.21969834669356872,0.999999999519,0.9381523868529195,0.9295542007256696,delay,train
re2tt_ts-train-service_delay_2,RE2-TT,Train Ticket,-0.3373189879625528,-0.01636254713002828,-0.09146287134802474,0.27771019677995673,-0.23360426968089953,0.0,0.9764849809681487,0.9788816052105251,delay,train
re2ss_payment_socket_1,RE2-SS,Sock Shop,0.9838021298967728,0.41368123082005887,-0.22938090169387138,0.5566714490674113,-0.009699945955476637,0.0,0.917374848263121,0.9473387540042546,socket,train
re2ss_user_cpu_2,RE2-SS,Sock Shop,0.9581936803287856,0.23692778110842203,-0.9999999999999998,0.10991213195620796,0.1340574645708612,0.0,0.18546795306137523,0.7415595377179794,cpu,train
re2ss_catalogue_disk_2,RE2-SS,Sock Shop,0.9845879829237284,0.9678937905508052,1.0,0.21850425488142833,0.004264698216191789,,-0.13887945710528768,-0.06517236656412762,disk,train
re1ob_productcatalogservice_delay_2,RE1-OB,Online Boutique,-0.10228111644403859,0.04406645140142012,,,-0.36350145181826404,-0.9999999998199999,0.99586345730436,0.9717783676346544,delay,train
re2tt_ts-auth-service_mem_1,RE2-TT,Train Ticket,0.44030861528245574,0.3550052490563267,0.994333934813321,0.17986853060984923,-0.18867888164801055,0.0,0.6798404797483486,0.5509856768468592,mem,train
re1ss_carts_disk_1,RE1-SS,Sock Shop,0.8517479506118655,0.03164756775814352,,,-0.04911994154347713,0.0,0.19153337708688772,0.3213846213935455,disk,train
re1ob_adservice_delay_5,RE1-OB,Online Boutique,0.0821284867010483,0.015697639122915642,,,-0.047151191994465456,-0.001386962551886114,0.9359685770524372,0.9582451441090998,delay,train
re1ob_checkoutservice_disk_4,RE1-OB,Online Boutique,0.8971858381072123,0.11566400524955821,,,0.022026144103456945,0.0,0.20341242726513045,0.2065013856868337,disk,train
re2ob_checkoutservice_cpu_1,RE2-OB,Online Boutique,0.9541800010328858,0.16148509196370567,-0.12711963332514706,0.09824902723734917,0.02113621846450296,-0.9999999994024896,0.027587406834684997,0.030947874652546347,cpu,train
re1tt_ts-travel-service_mem_5,RE1-TT,Train Ticket,0.7487739813799675,0.34266049320400266,,,0.10607690008477226,0.0,0.5881070763402194,0.7530050955439517,mem,train
re1tt_ts-route-service_mem_5,RE1-TT,Train Ticket,0.8446986186952701,0.37771632728174515,,,-0.057559818034954184,0.9999999997594999,0.7565788649641704,0.9269841945493286,mem,train
re1ob_productcatalogservice_loss_1,RE1-OB,Online Boutique,-0.10072487361152192,0.12551829982583415,,,-0.05104522496188368,0.99999999990975,0.536154703251872,0.7776449567583605,loss,train
re2tt_ts-travel-service_delay_3,RE2-TT,Train Ticket,-0.25559139627404664,0.014067477421608684,-0.1488696657823027,0.2519380340934527,-0.21387999584824327,0.9999999996387775,0.9377985801857652,0.9299571915374669,delay,train
re2ss_payment_cpu_2,RE2-SS,Sock Shop,0.9942639020443339,0.38425946167876507,-0.9999999999999999,0.19598550320600205,0.007482174357786479,0.0,0.08491835889080333,0.723370900380395,cpu,train
re1tt_ts-train-service_loss_2,RE1-TT,Train Ticket,-0.5965938969628677,-0.025354001829285225,,,-0.22736392541422476,0.0,0.949979876171653,0.985184061597981,loss,train
re2ss_orders_loss_3,RE2-SS,Sock Shop,-0.294202438382047,0.0243440034207188,-1.0,0.24184278609800727,-0.3315488357747705,0.999999999993068,0.876108695006054,0.9641015463053775,loss,train
re2tt_ts-route-service_disk_2,RE2-TT,Train Ticket,0.7848453101495413,0.4755742528983607,0.9999493036341421,-0.11671924290220081,-0.24008365467677378,0.0,0.15511518849172168,0.8123824829549217,disk,train
re1ob_adservice_delay_1,RE1-OB,Online Boutique,-0.05599783895560191,0.008605014944351976,,,0.010464219946279883,-0.9999999998199999,0.9097320734530476,0.9574533232003655,delay,train
re2ob_checkoutservice_socket_1,RE2-OB,Online Boutique,0.8560460338541014,0.2943526117691489,-0.9999999999999986,0.41836597499214356,-0.0425258197023423,-0.9999999996390977,0.19589502887849455,0.1722646870117587,socket,train
re2ob_emailservice_socket_1,RE2-OB,Online Boutique,0.9283912126756567,0.09652113964849522,0.1985056929493989,0.5038990825687657,0.02275581891639151,0.0,0.5557850238545293,0.810298860532037,socket,train
re1ss_orders_delay_5,RE1-SS,Sock Shop,0.2675424964105148,0.051065303482577776,,,-0.3211864996821699,0.0,0.9790835943881655,0.9691952966989256,delay,train
re1ss_orders_delay_1,RE1-SS,Sock Shop,0.2873120395722429,0.0520523860413768,,,-0.393356993826845,0.0,0.9791410140697987,0.978611949686565,delay,train
re2ob_emailservice_delay_2,RE2-OB,Online Boutique,-0.019895610405246848,0.0031723608380364817,-0.1148677612311903,-0.002309468822170508,0.007521781155379658,-0.9999999992835821,0.8883229661035982,0.9566913559008394,delay,train
re2ob_productcatalogservice_mem_2,RE2-OB,Online Boutique,0.657511633201359,0.8310988050344175,-0.07306842704290088,0.2688553682342257,-0.1626802764110086,0.0,0.9277504896818861,0.9796665967360638,mem,train
re1ss_catalogue_loss_1,RE1-SS,Sock Shop,0.22723600290825696,0.05132298483636343,,,-0.006757302426942078,0.99999999990975,0.12956502127820058,0.9528376210111404,loss,train
re1tt_ts-auth-service_loss_5,RE1-TT,Train Ticket,-0.43685541976503006,-0.014945833432033059,,,-0.1320836845548613,0.0,0.29293159629102505,0.3651232446983161,loss,train
re2tt_ts-order-service_cpu_1,RE2-TT,Train Ticket,0.7529321447832285,0.023408673647571123,-0.9179919207919407,0.11700007107957065,0.14373961377636624,,-0.82484953843897,-0.8645592743984744,cpu,train
re2ss_catalogue_socket_3,RE2-SS,Sock Shop,0.971178024769806,0.3645995865251081,-0.9999999999999999,0.49660881707558563,-0.007471788971103537,-0.9999999992835821,0.8095172638289984,0.855717876624598,socket,train
re1ss_carts_disk_5,RE1-SS,Sock Shop,0.8734433419806318,0.014379739058058743,,,0.030793082191459563,0.0,0.1382607043363859,0.2662589221150689,disk,train
re1ss_user_disk_4,RE1-SS,Sock Shop,0.7675714515367345,0.08618838031420024,,,-0.0247977821034234,0.0,0.23374648655417174,0.785774982329219,disk,train
re2ob_currencyservice_cpu_1,RE2-OB,Online Boutique,0.19170907129498918,0.04284945387612157,0.9999999999999998,0.1966573816155791,-0.06107503821583658,0.0,0.8110954349037383,0.36144213641569145,cpu,train
re2ob_productcatalogservice_delay_1,RE2-OB,Online Boutique,-0.1889003423935698,0.025497413213644165,-0.036924435717886755,-0.09741248097411145,-0.19618646607214782,0.0,0.9286702426458845,0.9593708154135476,delay,train
re2ob_currencyservice_mem_2,RE2-OB,Online Boutique,0.19977414970723986,0.6386940721864008,1.0,0.3307549504950126,-0.052769588057964244,0.9999999999576878,0.8951951972054196,0.8130149496593594,mem,train
re2ss_user_delay_3,RE2-SS,Sock Shop,-0.08431234662308881,0.03156176694700058,-0.9999999999999999,0.4314328522986983,-0.04142175485372596,,0.9873560169867288,0.9861530078833226,delay,train
re1tt_ts-train-service_cpu_4,RE1-TT,Train Ticket,0.8893552637527994,0.021771902410237406,,,-0.05650703657842437,0.0,0.12833632546512685,0.23769553948335095,cpu,train
re1ss_payment_delay_4,RE1-SS,Sock Shop,-0.338288816753381,0.06821974928855232,,,0.012637262621332773,0.0,0.7883384228700492,0.9573604849106563,delay,train
re2tt_ts-train-service_delay_1,RE2-TT,Train Ticket,-0.20228751305371698,0.01122494489036915,-0.09536204204891678,0.3014452902850759,-0.20669714403395956,0.9999999996395,0.970814391483791,0.9783981230410329,delay,train
re2ss_carts_loss_3,RE2-SS,Sock Shop,-0.14826563263123255,0.032769779199772586,-0.9999999999999998,0.35243821044688217,-0.07881833823072666,,0.9239079246946089,0.9755048841813453,loss,train
re1tt_ts-travel-service_loss_2,RE1-TT,Train Ticket,0.48695436883464543,0.0069163090713198995,,,-0.05659335755223457,0.0,-0.043895877867487776,-0.07303087622202979,loss,train
re1tt_ts-travel-service_mem_1,RE1-TT,Train Ticket,0.682918716596707,0.38290003699983666,,,-0.21882866208385066,0.0,0.6357854780514581,0.7572550658548775,mem,train
re1tt_ts-order-service_mem_1,RE1-TT,Train Ticket,0.9485213639672233,0.42234224095234013,,,-0.0746529925982941,0.0,0.6295980740430499,0.8283253541130329,mem,train
re1ss_catalogue_mem_5,RE1-SS,Sock Shop,0.9537536779065933,0.891624286718426,,,-0.01603742035695483,0.9999999999976618,0.9471346877855171,0.9704740377639103,mem,train
re2tt_ts-travel-service_disk_3,RE2-TT,Train Ticket,0.8887933940285015,0.31982181026061673,0.9999457626972623,0.12973182164435626,-0.064958009226641,-0.9999999992835821,0.21648528297143113,0.40792672492797627,disk,train
re1ss_catalogue_disk_1,RE1-SS,Sock Shop,0.9492170119098058,0.10470590674473315,,,0.01717812857608159,0.0,0.17953194196580416,0.77609009604342,disk,train
re2ss_user_socket_2,RE2-SS,Sock Shop,0.9406686387096963,0.27910747596861063,0.07134087997646049,0.19584229180921345,-0.011923131508000614,,0.863837622902128,0.9084707990306137,socket,train
re2ss_carts_cpu_3,RE2-SS,Sock Shop,0.9603681169191933,0.026625293856167267,-0.9999999999999998,0.10545062536284255,0.00529804345203616,0.0,0.14078352643476522,0.12676561506874198,cpu,train
re1ob_cartservice_disk_4,RE1-OB,Online Boutique,0.5043843108503306,0.02661495968476793,,,-0.03110011405359106,0.0,0.5767274389558265,0.7908470259985372,disk,train
re2ss_user_loss_1,RE2-SS,Sock Shop,-0.6532788691863154,0.3393848561062059,-0.45713902635192794,-0.4545313469894222,-0.7052982816201206,0.9999999999984659,0.9516766299304733,0.980796940696492,loss,train
re1ss_catalogue_mem_2,RE1-SS,Sock Shop,0.9622346158858835,0.9158801844449476,,,0.006949329780552745,0.0,0.9458090422305933,0.982162267895103,mem,train
re2ss_carts_cpu_1,RE2-SS,Sock Shop,0.936206936110426,0.02546104616002568,0.06117214326274048,-0.27560448201295473,0.01069645763019915,0.0,0.37224377414485127,0.564823937496872,cpu,train
re1ss_payment_loss_5,RE1-SS,Sock Shop,-0.21868344064871906,0.03676184467627813,,,-0.006712827257948404,0.0,-0.057139324981907394,0.42432167754793576,loss,train
re1ob_currencyservice_loss_3,RE1-OB,Online Boutique,-0.13636436710692518,0.024209669171892396,,,0.021908437717231118,-0.99999999991,0.23665417198690258,0.8918069923139609,loss,train
re1ob_checkoutservice_loss_1,RE1-OB,Online Boutique,-0.06130201647437219,0.11642686802113615,,,-0.05587699229354715,-0.99999999991,0.33760587036471484,0.5981587989436408,loss,train
re2ob_currencyservice_loss_3,RE2-OB,Online Boutique,-0.2872837293928954,0.01606774868338872,0.21775561550566655,0.0,-0.3687709784856926,0.9999999999549516,0.8712716067223869,0.9323961767236713,loss,train
re1ss_user_mem_3,RE1-SS,Sock Shop,0.7149901661320859,0.9493933848022185,,,-0.048139834983086445,0.9999999999984323,0.940991286393932,0.9773981978347991,mem,train
re1ss_user_cpu_5,RE1-SS,Sock Shop,0.6961673536418653,0.21076903926010934,,,-0.020485977305273198,0.0,0.7741771224228687,0.807804861701993,cpu,train
re2ob_checkoutservice_delay_2,RE2-OB,Online Boutique,-0.04324014398102877,-0.007267879566534188,-0.19761380588152896,-0.005982512655314219,-0.02739427940538592,-0.9999999998562874,0.912717873619738,0.9568066497226159,delay,train
re1ob_adservice_cpu_2,RE1-OB,Online Boutique,0.9673128404457151,0.024416769836836872,,,0.02238232624258676,-0.99999999895,,,cpu,train
re2tt_ts-route-service_loss_2,RE2-TT,Train Ticket,0.17224722519228736,0.01599347797570127,-0.08817963334072501,0.08290033569502432,-0.13773750155757913,0.0,0.44208228847944764,0.9140781151666978,loss,train
re2ob_emailservice_disk_2,RE2-OB,Online Boutique,0.968182310074551,0.7171138200621141,1.0,0.0,0.00546721804479057,-0.00443926933913305,0.8288560734243153,0.8967308894820258,disk,train
re1ob_adservice_loss_5,RE1-OB,Online Boutique,0.11635627252380845,-0.044895371043023685,,,0.04774965718070035,0.0,0.03123154969292946,0.260117827325707,loss,train
re1tt_ts-train-service_disk_3,RE1-TT,Train Ticket,0.7397728324140934,0.011793849166350626,,,-0.17558021549432437,0.0,0.744513836915912,0.16085495721878512,disk,train
re2tt_ts-order-service_loss_3,RE2-TT,Train Ticket,-0.32250853560117937,0.012393123280917377,-0.11720852617435573,0.0859153354016681,0.14904616645258395,0.0,0.13535501794709529,0.9159063779738444,loss,validation
re1ob_cartservice_mem_3,RE1-OB,Online Boutique,0.8619251670057281,0.7668153104790462,,,-0.06536878986205928,0.9999999999880624,,,mem,validation
re1ob_adservice_delay_2,RE1-OB,Online Boutique,0.0285446236553225,-0.0037069081695265188,,,-0.20075071178291806,0.99999999990975,0.9647904308629688,0.934037544801862,delay,validation
re1ob_checkoutservice_delay_4,RE1-OB,Online Boutique,0.07932108869248349,0.01153523331869572,,,-0.3770159161270118,0.9999999999398335,0.9793390963279064,0.9538474246654614,delay,validation
re2ss_catalogue_loss_1,RE2-SS,Sock Shop,-0.47149811324376834,0.3188476971864049,-0.32586166944975015,0.5416411117800117,-0.5735091996860737,0.9999999999962838,0.9644355656290472,0.9929271618766939,loss,validation
re1ob_checkoutservice_mem_5,RE1-OB,Online Boutique,0.9639497678850861,0.9507925736206027,,,-0.04135449021995407,-0.999999999475,,,mem,validation
re1ob_productcatalogservice_cpu_5,RE1-OB,Online Boutique,0.8000570794579399,0.1780562448232335,,,-0.07884969835678965,-0.9141392860983305,,,cpu,validation
re2ob_emailservice_mem_3,RE2-OB,Online Boutique,0.967418756566177,0.6685486702082686,-0.17309732748249848,-0.010634731998658963,-0.05016603184823199,0.0,0.9656284676813891,0.9941834187386205,mem,validation
re1ob_cartservice_mem_2,RE1-OB,Online Boutique,0.8681912008851738,0.7550892306095691,,,-0.0785941065115447,-0.08660236351175744,,,mem,validation
re1ob_currencyservice_disk_4,RE1-OB,Online Boutique,0.26597475861731484,0.03595422939089845,,,-0.028393995097694052,0.0,0.42540777897778476,0.7794539569593214,disk,validation
re1tt_ts-route-service_disk_4,RE1-TT,Train Ticket,0.7313353663156671,0.011088995232407443,,,-0.9999999999871995,0.0,0.6606418045079389,0.39839809060593145,disk,validation
re1ob_adservice_mem_2,RE1-OB,Online Boutique,0.9414476838557689,0.8239270305088188,,,-0.0973883111938665,0.9999999996498333,,,mem,validation
re2tt_ts-order-service_disk_1,RE2-TT,Train Ticket,0.47944754392204414,0.1767307932959114,0.9997811086476912,0.07327148989016745,0.12089738957424045,-0.9999999999865158,0.1973419773920105,0.23536548766566198,disk,validation
re2ob_currencyservice_delay_2,RE2-OB,Online Boutique,-0.07489829962060231,0.10804433327367072,-0.2162799354433643,-0.005524861878452103,-0.07908509732972449,-0.9999999996390977,0.9318150729267523,0.9521416709798475,delay,validation
re2ss_payment_socket_3,RE2-SS,Sock Shop,0.9945467961617325,0.40981124214638154,-0.9999999999999999,0.5874578016821866,-0.004506505728762081,0.0,0.8447033154413353,0.8974249245412641,socket,validation
re1ob_adservice_loss_3,RE1-OB,Online Boutique,0.09261250254112897,-0.041882496615821475,,,-0.029697983602782196,0.0,0.03587109975793965,0.3830776356257946,loss,validation
re2ss_carts_loss_2,RE2-SS,Sock Shop,-0.35010542043122633,0.06767020446094536,-0.999999999999996,0.3646803079944238,-0.030324100411724793,,0.9383791321596295,0.9754328996264469,loss,validation
re2ss_orders_delay_1,RE2-SS,Sock Shop,-0.023154933679338095,0.006512965391403094,0.1605156436181873,0.07706377664554857,-0.012754791118770514,0.0,0.8887009773422898,0.9572813664770746,delay,validation
re2tt_ts-travel-service_disk_1,RE2-TT,Train Ticket,0.41061506860667335,0.16374827457302404,0.9997754534216968,0.15137050854965206,0.30783059136125734,-0.999999999987584,-0.6126328695175343,-0.6374440474656529,disk,validation
re1ob_cartservice_loss_1,RE1-OB,Online Boutique,-0.3522942350216759,-0.19182524767163114,,,-0.035844471312759286,0.0,0.34445062663886583,0.9499082603438121,loss,validation
re2ss_user_socket_3,RE2-SS,Sock Shop,0.9558729595723211,0.40762273367578117,-0.9999999999999998,0.4334297420252605,-0.00801325170835301,,0.9020038008771945,0.8577971234136182,socket,validation
re1tt_ts-auth-service_delay_1,RE1-TT,Train Ticket,-0.34449945047903513,0.03598558293183691,,,-0.20085417869130526,0.0,0.5627071826347269,0.2898062734214181,delay,validation
re2ob_productcatalogservice_cpu_2,RE2-OB,Online Boutique,0.6551284171136115,0.1802766665955211,-0.1890986969909162,0.19620958751391565,0.047662854692658144,0.0,0.7527393948680948,0.8924339816475985,cpu,validation
re1ob_productcatalogservice_disk_5,RE1-OB,Online Boutique,0.39674239636982733,0.13525696454464958,,,-0.0909008793763848,0.0,0.4291123627813089,0.8060115593346434,disk,validation
re1ob_adservice_cpu_1,RE1-OB,Online Boutique,0.96289099078551,0.03048165870222307,,,0.009840949001528033,-0.73707197780905,,,cpu,validation
re2ob_currencyservice_mem_3,RE2-OB,Online Boutique,-0.1985920868844031,0.606007497886948,0.26745825942675683,0.27051979258882064,-0.10476284907660162,0.0,0.8940370590287382,0.7976058056769971,mem,validation
re2ob_currencyservice_cpu_3,RE2-OB,Online Boutique,0.19696679035072925,0.04110561754352161,0.09118276268254874,0.19755147468000242,-0.05042179942352601,-0.9999999996390977,0.817637567092588,0.393396247870507,cpu,validation
re2ob_currencyservice_delay_1,RE2-OB,Online Boutique,-0.06434904729939579,0.01635772822243373,0.12043078521244928,0.014841688654353289,-0.06932134621217248,-0.9999999997599999,0.9108022577900639,0.7759333988382714,delay,validation
re1ss_payment_mem_2,RE1-SS,Sock Shop,0.870760922830481,0.913769911254311,,,0.013858632274832942,0.0,0.995086316228508,0.9968183808414961,mem,validation
re2ss_payment_socket_2,RE2-SS,Sock Shop,0.9944878380382491,0.42970037851149817,-0.9999999999999998,0.57727485928703,-0.002088593293842847,0.0,0.8486923566889572,0.8961935402169757,socket,validation
re1tt_ts-travel-service_delay_5,RE1-TT,Train Ticket,-0.22355378069792192,0.013967927289915333,,,-0.26416085273616047,0.9999999997594999,0.9357675970360301,0.9090831536205465,delay,validation
re1ss_carts_delay_4,RE1-SS,Sock Shop,-0.2627301960789031,0.06785910282897883,,,-0.36244503286253205,0.0,0.9872103556649705,0.9801787729779669,delay,validation
re2ss_user_delay_1,RE2-SS,Sock Shop,0.11336152933874231,0.030969961325993823,-0.23469268452909076,0.12841733308535927,-0.008638346176108248,0.0,0.9874321507997011,0.9869316054690871,delay,validation
re1tt_ts-auth-service_loss_2,RE1-TT,Train Ticket,-0.6244580541475043,0.017504877994491127,,,-0.16567927657999035,0.0,0.3155850713656571,0.3757463730051641,loss,validation
re1ss_user_mem_5,RE1-SS,Sock Shop,0.8396008736764063,-0.24867977035618213,,,0.19470484554267348,-0.9999999999996215,0.8819556705945911,0.8988734757002613,mem,validation
re2ob_currencyservice_cpu_2,RE2-OB,Online Boutique,0.19554914335096676,0.042506376949165585,0.11386278986955414,0.19620958751391565,-0.019234147587298737,-0.9999999996390977,0.8299690926978309,0.4034079899099784,cpu,validation
re2tt_ts-route-service_mem_2,RE2-TT,Train Ticket,0.6757951608808032,0.3893255247240155,0.9360708820830644,0.19216047248518262,-0.15449244371626905,0.0,0.49821675040417807,0.847078683722316,mem,validation
re1tt_ts-auth-service_cpu_2,RE1-TT,Train Ticket,0.4239190023501663,0.021099776823056422,,,-0.09981191424031674,0.0,0.49915147654269293,0.47074884883861334,cpu,validation
re1tt_ts-travel-service_disk_4,RE1-TT,Train Ticket,0.5220831688099788,0.007174158396280837,,,-0.16603856951228804,0.0,0.811984754597532,0.2753834269064407,disk,validation
re1tt_ts-auth-service_delay_5,RE1-TT,Train Ticket,0.2959932731968968,0.009992741771528648,,,-0.12959804002072425,0.0,0.5819138346067766,0.5298043755926575,delay,validation
re1ss_payment_disk_1,RE1-SS,Sock Shop,0.8438237108014183,0.12540492234617986,,,-0.026089319780450815,0.0,0.6558008698972146,0.8399447293762631,disk,validation
re2tt_ts-order-service_mem_2,RE2-TT,Train Ticket,0.7418133480425234,0.5381798095579047,0.908751756004697,0.13138809242704894,-0.13568187183731992,0.0,0.5715150043122328,0.7078985224082227,mem,validation
re2ob_recommendationservice_delay_3,RE2-OB,Online Boutique,-0.0185815947559499,0.0052054489031776825,-0.1407105575621595,0.0,-0.027739897610542637,0.9999999996385965,0.9395795882035515,0.9571999752421465,delay,validation
re1ss_orders_delay_2,RE1-SS,Sock Shop,-0.32099090360037863,0.06885655887237335,,,-0.342766002237686,0.0,0.978384036667953,0.9749769318926739,delay,validation
re1ss_orders_cpu_1,RE1-SS,Sock Shop,0.7757034855402278,0.06863789269723765,,,-0.0202133746543872,0.0,0.2964449891348506,0.5032530014783725,cpu,validation
re2ob_checkoutservice_disk_3,RE2-OB,Online Boutique,0.9604572699803431,0.9155865467101855,1.0,0.14013118664280788,0.009310325430926936,0.0,0.422849148170537,0.3293130812415954,disk,validation
re1tt_ts-order-service_disk_2,RE1-TT,Train Ticket,0.7939041818569991,0.01646018337532166,,,0.22872675554955205,0.0,0.18880638905750444,0.3717667610490445,disk,validation
re2ob_currencyservice_socket_3,RE2-OB,Online Boutique,0.19608249748253323,0.08549703505101457,0.02690617760107488,0.6302564102563812,-0.10827265914722854,0.9999999996385965,0.8883797289794915,0.595502438129014,socket,validation
re1ss_carts_cpu_1,RE1-SS,Sock Shop,0.708065812532314,0.08915235125022061,,,-0.019351901168701627,0.0,0.4215315198086587,0.563861723546965,cpu,validation
re1ss_catalogue_loss_5,RE1-SS,Sock Shop,0.2595514105452264,0.05621077575205189,,,-0.02394965138150609,0.0,0.11753700919202144,0.9518242033352293,loss,validation
re1ob_productcatalogservice_mem_5,RE1-OB,Online Boutique,0.7861949607911543,0.9575659844474407,,,-0.26461354074344723,0.9999999998029634,,,mem,validation
re1tt_ts-auth-service_cpu_1,RE1-TT,Train Ticket,-0.6660934567968616,-0.019944990090364413,,,-0.27369018346739193,0.0,0.44487453220777,0.45790202504628663,cpu,validation
re1tt_ts-train-service_loss_1,RE1-TT,Train Ticket,0.50155551679283,0.013669605897394339,,,-0.2636790117332174,0.99999999987975,0.9029203388099922,0.9558574837659694,loss,validation
re1ob_cartservice_disk_2,RE1-OB,Online Boutique,0.5423953513514695,0.02654965759182377,,,-0.014946747422808274,0.0,0.6211309026247059,0.6484878341786178,disk,validation
re1tt_ts-travel-service_loss_1,RE1-TT,Train Ticket,-0.38708740806131814,-0.03198588691851799,,,-0.5306825770027969,0.9999999999980913,0.9436740064551278,0.9498375196734393,loss,validation
re1ob_productcatalogservice_disk_3,RE1-OB,Online Boutique,0.4027061146420669,0.13513527045475657,,,-0.047011096733880875,0.0,0.4611971306491882,0.8238744338870687,disk,validation
re2tt_ts-order-service_loss_2,RE2-TT,Train Ticket,-0.30309564602538963,0.013306118445340201,-0.07680504836638972,-0.03758678180795013,0.10254413140968191,0.0,0.2532446269376855,0.9188185299399683,loss,validation
re2ob_checkoutservice_mem_2,RE2-OB,Online Boutique,0.9440628844582507,0.8631566821782449,-0.21107759981251817,0.20411022886500735,0.006185838818675551,0.7665677060968062,0.7915634642144023,0.7918856598784167,mem,validation
re2tt_ts-route-service_loss_1,RE2-TT,Train Ticket,0.4124824584255149,0.010781618306672435,0.4497433874025326,-0.09408639731580679,-0.21495646107853805,-0.9999999996407186,0.45589156505592393,0.8603159756346035,loss,validation
re1tt_ts-auth-service_disk_5,RE1-TT,Train Ticket,-0.447195459577734,0.00831426797160186,,,-0.12537593864092494,-0.9999999998199999,0.2230383064925606,-0.2786608519208538,disk,validation
re1ob_checkoutservice_cpu_4,RE1-OB,Online Boutique,0.9725845551851633,0.15156720403084414,,,-0.05071703365920689,-0.99999999895,,,cpu,validation
re2ss_payment_cpu_1,RE2-SS,Sock Shop,0.9831229020897289,0.3804699915972796,-0.30291858956648177,0.1643486323597452,-0.0022872885972824337,0.0,0.16286652994245937,0.8276915331524397,cpu,validation
re2ss_user_delay_2,RE2-SS,Sock Shop,-0.23720766111192798,0.04430497305925977,-0.9999999999999999,0.4277615578672701,-0.05209189270016325,,0.9871182435068205,0.9849849684511737,delay,test
re2tt_ts-train-service_disk_1,RE2-TT,Train Ticket,0.8202343433763627,0.5472056134569547,0.9999441152560433,0.0872165719076043,-0.18647270341412234,0.0,0.23064238423857766,0.7364091451189307,disk,test
re2ss_user_mem_1,RE2-SS,Sock Shop,0.9434517351241419,0.9673179532572255,0.0921483112769128,0.23802355275922174,0.0037721529286520402,0.0,0.3320236718096187,0.8386191203218171,mem,test
re2ob_productcatalogservice_delay_3,RE2-OB,Online Boutique,-0.14721449123185282,0.02146340134999911,-0.00728244562585522,0.013851412365582719,-0.1333746592522932,0.0,0.934202752223299,0.9598166763704877,delay,test
re1ss_carts_mem_3,RE1-SS,Sock Shop,0.8640917050086704,0.6149299274633258,,,-0.018259962749925855,0.999999999997656,0.8826122333400203,0.9291285658043944,mem,test
re2tt_ts-train-service_mem_1,RE2-TT,Train Ticket,0.6776718935486009,0.5192333458933397,0.9482145353765233,0.2634398848551285,0.08024699954560702,,0.79181847956479,0.9393411458945131,mem,test
re1ss_payment_disk_3,RE1-SS,Sock Shop,0.8979136838387861,0.16318574092763347,,,-0.417215647308254,0.999999999999883,0.6995069529188062,0.8780100291717698,disk,test
re2ss_carts_mem_2,RE2-SS,Sock Shop,0.9662868209068828,0.7448193042859584,-0.9999999999999998,0.12253185878582007,0.009130418333225945,0.0,0.1477389445389126,0.13771662964488976,mem,test
re1ob_productcatalogservice_delay_1,RE1-OB,Online Boutique,-0.09150689102770487,-0.06511503549337348,,,-0.14176684453052035,0.0,0.9813689592942499,0.962684812276501,delay,test
re1ob_productcatalogservice_mem_4,RE1-OB,Online Boutique,0.787163442947843,0.9576934856021619,,,-0.07222994810978504,0.9999999997899,,,mem,test
re1tt_ts-route-service_delay_2,RE1-TT,Train Ticket,-0.41248026203187405,0.013984716356017252,,,-0.23164879746966108,0.0,0.9715846877196985,0.9731943815792778,delay,test
re2ob_checkoutservice_loss_2,RE2-OB,Online Boutique,-0.01331025953457572,0.00665752981362034,0.013014641149468513,0.02826069045068743,-0.286830589493649,0.0,0.8590169026553907,0.895072475374606,loss,test
re1ob_adservice_cpu_5,RE1-OB,Online Boutique,0.9464349954376782,-0.11683505784245608,,,-0.059424757120844184,-0.9966117801940001,,,cpu,test
re2tt_ts-auth-service_cpu_3,RE2-TT,Train Ticket,0.43563460113619423,0.02155729340907572,-0.09584938626858253,0.10980765211010667,0.21350995871434136,0.0,0.5451416724107186,0.4597606733633607,cpu,test
re2tt_ts-route-service_socket_2,RE2-TT,Train Ticket,0.52940615746508,0.018330749393092562,-0.9375672676606731,0.3245707553269363,0.12255752995615846,0.0,0.45917565473010397,0.6995767331480819,socket,test
re1tt_ts-route-service_cpu_5,RE1-TT,Train Ticket,0.8637277611905999,0.020868088873578952,,,-0.1406556776345892,0.0,0.24005784573095512,0.43614609191523085,cpu,test
re1tt_ts-order-service_loss_1,RE1-TT,Train Ticket,0.6397136757725106,-0.04609460959614092,,,-0.2297074926584491,0.999999999939845,0.7933591627170761,0.9563431634905667,loss,test
re2ss_payment_loss_1,RE2-SS,Sock Shop,-0.3140675870087849,0.13010841788249247,-0.23019621332692844,0.13951545530491696,-0.3462632250221758,0.999999999999036,0.5644335717271562,0.9661837020362105,loss,test
re1ob_productcatalogservice_delay_4,RE1-OB,Online Boutique,-0.24203943267329592,0.10306887856651288,,,-0.39599100103241336,0.0,0.9957167983996799,0.9703647246699171,delay,test
re2ob_emailservice_disk_3,RE2-OB,Online Boutique,0.9674882102956196,0.7085586411386776,1.0,0.007342817806331962,-0.01687974527984032,0.0,0.7386710912739127,0.8962558046732817,disk,test
re1tt_ts-auth-service_loss_3,RE1-TT,Train Ticket,-0.4192112891464628,-0.028819322886801127,,,0.21581814406719196,0.0,0.32678464840874233,0.3891056686988082,loss,test
re1ss_orders_mem_3,RE1-SS,Sock Shop,0.8683219518910303,0.47225079200522474,,,0.016181407192294474,0.9999999999981767,0.8888909794880967,0.9719055194661372,mem,test
re2ob_checkoutservice_disk_2,RE2-OB,Online Boutique,0.9569994233233348,0.9239549283441845,0.5109566760558769,0.1413259229853049,-0.026636869121112447,,0.41233626325790074,0.36069775762546163,disk,test
re2ss_orders_loss_1,RE2-SS,Sock Shop,0.1841412725789569,0.015952787328322424,-0.049304247824675386,0.2358100273172387,-0.3378703195833556,0.9999999999943192,0.8792491679417598,0.9635774310524282,loss,test
re1ss_carts_mem_4,RE1-SS,Sock Shop,0.7081162837711259,0.6384857332973254,,,-0.028790750745492793,0.9999999999978281,0.9034740629188781,0.9428486285062728,mem,test
re1ob_cartservice_delay_1,RE1-OB,Online Boutique,-0.07267164226974905,0.018885126145338035,,,-0.053473526285341196,-0.9999999998199999,0.9846632105214344,0.9812657641623425,delay,test
re2tt_ts-travel-service_mem_3,RE2-TT,Train Ticket,0.5690415493095017,0.48737569983319423,0.8951872271211458,0.12593249332273326,0.1338796995192421,0.0,0.38077648524027274,-0.6236225502916443,mem,test
re1tt_ts-train-service_delay_4,RE1-TT,Train Ticket,-0.26158638171533916,0.014800962138521731,,,-0.26251815224580816,0.9999999997594999,0.9635453088225402,0.9539418626630557,delay,test
re2ss_catalogue_socket_2,RE2-SS,Sock Shop,0.9874381601266141,0.3635646640134613,-1.0,0.6082373397087352,0.0029494935302314387,,0.8209446072278729,0.8927992107722206,socket,test
re2tt_ts-travel-service_socket_1,RE2-TT,Train Ticket,0.9480458044455639,0.01607051983651805,-0.6231616568362229,0.34626363747487016,0.14018500760894503,0.9999999996412935,0.6191935429160662,0.6601662557900734,socket,test
re1ss_user_delay_3,RE1-SS,Sock Shop,0.23068425462268832,0.04660560730145173,,,-0.04785755939427268,0.0,0.986319262429475,0.9519112759233082,delay,test
re1ss_payment_cpu_2,RE1-SS,Sock Shop,0.870396770429671,0.21600124321339,,,0.0199762856222242,0.0,0.3861327075030939,0.8343839232424911,cpu,test
re2ss_catalogue_delay_2,RE2-SS,Sock Shop,-0.555953012174775,0.023349070606180588,-0.9999999999999999,0.2444045212964911,-0.016433329300937206,0.0,0.9888174224537387,0.9903711366584159,delay,test
re2tt_ts-order-service_cpu_3,RE2-TT,Train Ticket,0.8961323121857884,0.016754969083817035,-0.0558097200235647,-0.15462419248406165,-0.07571494836540732,-0.9999999996398199,0.6637972124810155,0.5143794244110282,cpu,test
re2tt_ts-auth-service_socket_1,RE2-TT,Train Ticket,0.43904178018117623,0.018983258463087606,-0.9761954734805376,0.39343845923626164,-0.14258257593194673,0.0,0.6841310979118174,0.5320636296936453,socket,test
re2ss_payment_delay_3,RE2-SS,Sock Shop,-0.3512557645856805,0.07130857926885621,-0.9999999999999996,0.09705698184094079,-0.009018930634679307,,0.8944945234297877,0.9582431534956456,delay,test
re2tt_ts-auth-service_disk_1,RE2-TT,Train Ticket,-0.41254374258011495,0.2300614021733356,0.9997047902281808,-0.4853466761971589,-0.10604616066189065,-0.9999999999947033,0.40228505575528317,0.3130761229556961,disk,test
re1ss_payment_delay_2,RE1-SS,Sock Shop,-0.34863352163844186,0.07191749031486537,,,-0.011688983014319053,0.0,0.7879488846873154,0.9578334311532798,delay,test
re1ob_currencyservice_loss_2,RE1-OB,Online Boutique,-0.06124474931804199,0.015423127185691282,,,0.07367376447037302,-0.001386962551886114,0.2153118984436789,0.33774183902550065,loss,test
re1tt_ts-route-service_mem_4,RE1-TT,Train Ticket,0.809906840225047,0.4184111969144508,,,-0.21286048451235803,0.0,0.5007442665813265,0.8017093600394679,mem,test
re2ss_user_cpu_3,RE2-SS,Sock Shop,0.9451123806176714,0.24179476642983166,-0.9999999999999999,0.06398167465996463,-0.004288141071256677,0.0,0.2047389419342659,0.7445039182772386,cpu,test
re2tt_ts-order-service_mem_3,RE2-TT,Train Ticket,0.8717733630482748,0.4922185059895862,0.9655726221303721,-0.11384615384610337,0.18190914802254252,0.0,0.6963123942093609,0.8575350882269602,mem,test
re1tt_ts-travel-service_cpu_3,RE1-TT,Train Ticket,0.7735984839029276,0.013513338390654082,,,-0.3225557282299673,0.0,0.5190029716040518,0.4007432271862506,cpu,test
re2tt_ts-auth-service_disk_2,RE2-TT,Train Ticket,-0.4251756722423807,0.46789310005235546,0.9996919795225524,0.14838291347206564,-0.1400614156707623,0.0,0.5749024050618359,0.4458003526498605,disk,test
re2ss_catalogue_delay_1,RE2-SS,Sock Shop,0.11747304148659597,0.009691437037311313,0.22833824727270627,0.23568904593638076,-0.020738198173276115,0.0,0.9887920323967381,0.9922351875574186,delay,test
re1tt_ts-order-service_disk_1,RE1-TT,Train Ticket,0.8480655858836406,0.013955217116911027,,,-0.26617833002201724,0.0,0.1718653818232758,0.32750158351779346,disk,test
re1ob_cartservice_mem_1,RE1-OB,Online Boutique,0.8678111749786469,0.762949499640568,,,-0.07264589075672162,0.99999999947475,,,mem,test
re1ob_cartservice_loss_5,RE1-OB,Online Boutique,-0.06343153348763605,0.011749864611192928,,,0.052302068752825163,-0.9999999998199999,0.23969870234448656,0.9501693169594315,loss,test
re1tt_ts-order-service_loss_3,RE1-TT,Train Ticket,-0.30079519971351987,0.01895316535169839,,,-0.1133183717668286,0.9999999999914154,0.5622531856665556,0.9260814387513252,loss,test
re2ss_user_cpu_1,RE2-SS,Sock Shop,0.919629835344074,0.2570913784646105,0.21389073065285685,0.16968514099240897,0.13395030079792464,0.0,0.70997643844535,0.814575961209021,cpu,test
re1tt_ts-train-service_disk_2,RE1-TT,Train Ticket,0.7430310213347547,0.007853802574101574,,,-0.1870466302115529,-0.9999999998199999,0.360621051371711,0.2001029768547691,disk,test
re1tt_ts-route-service_disk_5,RE1-TT,Train Ticket,0.4121020520069367,0.007601807838152444,,,-0.19826060351092145,0.0,0.2138001721740242,0.26582999076161695,disk,test
re2ob_recommendationservice_loss_1,RE2-OB,Online Boutique,-0.4079592825955376,0.5066487528649205,-0.15754235160688546,0.6849808847623979,-0.6315911393401449,0.999999999999052,0.9955157752608442,0.9975173324416695,loss,test
re2ss_catalogue_cpu_1,RE2-SS,Sock Shop,0.994300727752956,0.33645744398738375,0.22289065138768535,0.143281513021081,0.1458193349652378,0.0,0.07960817153998177,0.7286485488529583,cpu,test
re1ob_productcatalogservice_loss_5,RE1-OB,Online Boutique,-0.09206062326925996,-0.013136314216649124,,,-0.0907217449742712,0.0,0.48558745018485966,0.8375092594625471,loss,test
re1ss_payment_cpu_4,RE1-SS,Sock Shop,0.8674162785007452,0.28011111156312357,,,-0.027865233022209043,0.0,0.4257383465000245,0.8934388380762326,cpu,test
re1ss_carts_cpu_3,RE1-SS,Sock Shop,0.8693457942269246,0.051711575403867525,,,0.010148705784259493,0.0,0.3569635842664453,0.5456831070142699,cpu,test
re1tt_ts-order-service_loss_5,RE1-TT,Train Ticket,-0.4139409865578429,0.026748674579525955,,,-0.15720823610713944,0.9999999999397847,0.7866687316150823,0.960730540930079,loss,test
re2ss_carts_disk_3,RE2-SS,Sock Shop,0.9432705561208823,0.5743252680554212,0.18089819331099688,0.18371230217343362,0.011550464341055796,,0.5388463260581909,0.5861304334712211,disk,test
re2tt_ts-travel-service_loss_1,RE2-TT,Train Ticket,-0.2650474296893952,0.018056414084852805,-0.07324553659163895,0.09450549450548376,-0.08069876854558382,0.999999999819975,0.30467236153055016,0.6401209497770929,loss,test
re1tt_ts-route-service_disk_1,RE1-TT,Train Ticket,0.36795549694547625,0.020378321696416835,,,-0.2525397345724076,0.0,0.16897917124680853,0.30310178226297074,disk,test
re2tt_ts-order-service_socket_3,RE2-TT,Train Ticket,0.8849775528504467,0.02365598281852044,-0.9439535795463138,0.38892148079844735,-0.23277240902864554,-0.9999999997704182,0.743129951507114,0.7656222265716677,socket,test
re1ob_currencyservice_mem_1,RE1-OB,Online Boutique,0.8197876601385312,0.8397137117716725,,,-0.09712464409256685,-0.99999999965,,,mem,test
re1tt_ts-route-service_loss_3,RE1-TT,Train Ticket,0.4761333280853275,0.02637939413480092,,,-0.15112952348015116,0.0,0.8405334794968589,0.9455657404182823,loss,test
re1ob_adservice_disk_1,RE1-OB,Online Boutique,0.8572840085103288,0.030153321423952578,,,-0.030626291230994158,0.0,0.08199151109933785,0.5371489746279536,disk,test
re2ss_orders_cpu_1,RE2-SS,Sock Shop,0.9594148432183014,0.017469656023841644,-0.21588153407940813,0.06951201259034931,-0.009317844735679247,0.0,0.20966946628606187,0.3328402829236802,cpu,test
re2tt_ts-order-service_cpu_2,RE2-TT,Train Ticket,0.8547089231363704,0.01459334594654326,-0.09557490110243849,0.09690852510212539,-0.11114384747657537,0.0,0.6603278758396285,0.565391675729599,cpu,test
